Public ID1,Organization1,Availability1,System Name (click + for details),Accelerator,# of Accelerators,Benchmark1,Model MLC1,Scenario1,Units1,Division/Power,Model (copy),Operating System,Processor,Software1,System Type Revised,Version,# of Nodes,Division,Division Revised,Has Power,Host Processor Core Count,Model,System Type,Result,Result at System Name
1.1-351,Krai,Available Cloud,NVIDIA Jetson AGX Xavier,, ,Inference,ResNet,Offline,System Watts,Open - Power,ResNet,,NVIDIA Carmel (ARMv8.2),TFLite v2.5.0 (ruy),Edge,v1.1,1,open,Open,True,,ResNet,edge,24.94226667,24.94226667
1.1-420,Krai,Available Cloud,NVIDIA Jetson AGX Xavier,, ,Inference,ResNet,Offline,samples/s,Open - Power,ResNet,,NVIDIA Carmel (ARMv8.2),TFLite v2.5.0 (ruy),Edge,v1.1,1,open,Open,True,,ResNet,edge,178.423,178.423
1.1-360,Krai,Available Cloud,NVIDIA Jetson AGX Xavier,, ,Inference,ResNet,Single Stream,System energy (J) per stream*,Open - Power,ResNet,,NVIDIA Carmel (ARMv8.2),TFLite v2.5.0 (ruy),Edge,v1.1,1,open,Open,True,,ResNet,edge,0.229812904,0.229812904
1.1-381,Krai,Available Cloud,NVIDIA Jetson AGX Xavier,, ,Inference,ResNet,Single Stream,latency (ms),Open - Power,ResNet,,NVIDIA Carmel (ARMv8.2),TFLite v2.5.0 (ruy),Edge,v1.1,1,open,Open,True,,ResNet,edge,5.098996,5.098996
1.1-419,Krai,Available Cloud,NVIDIA Jetson AGX Xavier,, ,Inference,ResNet,Offline,samples/s,Open - Power,ResNet,,NVIDIA Carmel (ARMv8.2),TFLite v2.5.0 (ruy),Edge,v1.1,1,open,Open,True,,ResNet,edge,193.248,193.248
1.1-378,Krai,Available Cloud,NVIDIA Jetson AGX Xavier,, ,Inference,ResNet,Offline,samples/s,Open - Power,ResNet,,NVIDIA Carmel (ARMv8.2),TFLite v2.5.0 (ruy),Edge,v1.1,1,open,Open,True,,ResNet,edge,442.42,442.42
1.1-419,Krai,Available Cloud,NVIDIA Jetson AGX Xavier,, ,Inference,ResNet,Single Stream,System energy (J) per stream*,Open - Power,ResNet,,NVIDIA Carmel (ARMv8.2),TFLite v2.5.0 (ruy),Edge,v1.1,1,open,Open,True,,ResNet,edge,0.122285023,0.122285023
1.1-395,Krai,Available Cloud,NVIDIA Jetson AGX Xavier,, ,Inference,ResNet,Offline,samples/s,Open - Power,ResNet,,NVIDIA Carmel (ARMv8.2),TFLite v2.5.0 (ruy),Edge,v1.1,1,open,Open,True,,ResNet,edge,98.6224,98.6224
1.1-404,Krai,Available Cloud,NVIDIA Jetson AGX Xavier,, ,Inference,ResNet,Single Stream,System energy (J) per stream*,Open - Power,ResNet,,NVIDIA Carmel (ARMv8.2),TFLite v2.5.0 (ruy),Edge,v1.1,1,open,Open,True,,ResNet,edge,0.248450233,0.248450233
1.1-392,Krai,Available Cloud,NVIDIA Jetson AGX Xavier,, ,Inference,ResNet,Offline,System Watts,Open - Power,ResNet,,NVIDIA Carmel (ARMv8.2),TFLite v2.5.0 (ruy),Edge,v1.1,1,open,Open,True,,ResNet,edge,20.20350833,20.20350833
1.1-373,Krai,Available Cloud,NVIDIA Jetson AGX Xavier,, ,Inference,ResNet,Offline,samples/s,Open - Power,ResNet,,NVIDIA Carmel (ARMv8.2),TFLite v2.5.0 (ruy),Edge,v1.1,1,open,Open,True,,ResNet,edge,230.186,230.186
1.1-356,Krai,Available Cloud,NVIDIA Jetson AGX Xavier,, ,Inference,ResNet,Offline,samples/s,Open - Power,ResNet,,NVIDIA Carmel (ARMv8.2),TFLite v2.5.0 (ruy),Edge,v1.1,1,open,Open,True,,ResNet,edge,143.496,143.496
1.1-379,Krai,Available Cloud,NVIDIA Jetson AGX Xavier,, ,Inference,ResNet,Offline,System Watts,Open - Power,ResNet,,NVIDIA Carmel (ARMv8.2),TFLite v2.5.0 (ruy),Edge,v1.1,1,open,Open,True,,ResNet,edge,23.16453167,23.16453167
1.1-337,Krai,Available Cloud,NVIDIA Jetson AGX Xavier,, ,Inference,ResNet,Single Stream,System energy (J) per stream*,Open - Power,ResNet,,NVIDIA Carmel (ARMv8.2),TFLite v2.5.0 (ruy),Edge,v1.1,1,open,Open,True,,ResNet,edge,0.038454527,0.038454527
1.1-383,Krai,Available Cloud,NVIDIA Jetson AGX Xavier,, ,Inference,ResNet,Single Stream,latency (ms),Open - Power,ResNet,,NVIDIA Carmel (ARMv8.2),TFLite v2.5.0 (ruy),Edge,v1.1,1,open,Open,True,,ResNet,edge,7.466022,7.466022
1.1-353,Krai,Available Cloud,NVIDIA Jetson AGX Xavier,, ,Inference,ResNet,Single Stream,latency (ms),Open - Power,ResNet,,NVIDIA Carmel (ARMv8.2),TFLite v2.5.0 (ruy),Edge,v1.1,1,open,Open,True,,ResNet,edge,5.577377,5.577377
1.1-418,Krai,Available Cloud,NVIDIA Jetson AGX Xavier,, ,Inference,ResNet,Single Stream,System energy (J) per stream*,Open - Power,ResNet,,NVIDIA Carmel (ARMv8.2),TFLite v2.5.0 (ruy),Edge,v1.1,1,open,Open,True,,ResNet,edge,0.110373039,0.110373039
1.1-346,Krai,Available Cloud,NVIDIA Jetson AGX Xavier,, ,Inference,ResNet,Offline,System Watts,Open - Power,ResNet,,NVIDIA Carmel (ARMv8.2),TFLite v2.5.0 (ruy),Edge,v1.1,1,open,Open,True,,ResNet,edge,19.90226667,19.90226667
1.1-364,Krai,Available Cloud,NVIDIA Jetson AGX Xavier,, ,Inference,ResNet,Offline,System Watts,Open - Power,ResNet,,NVIDIA Carmel (ARMv8.2),TFLite v2.5.0 (ruy),Edge,v1.1,1,open,Open,True,,ResNet,edge,20.46410833,20.46410833
1.1-347,Krai,Available Cloud,NVIDIA Jetson AGX Xavier,, ,Inference,ResNet,Single Stream,latency (ms),Open - Power,ResNet,,NVIDIA Carmel (ARMv8.2),TFLite v2.5.0 (ruy),Edge,v1.1,1,open,Open,True,,ResNet,edge,4.934762,4.934762
1.1-390,Krai,Available Cloud,NVIDIA Jetson AGX Xavier,, ,Inference,ResNet,Offline,System Watts,Open - Power,ResNet,,NVIDIA Carmel (ARMv8.2),TFLite v2.5.0 (ruy),Edge,v1.1,1,open,Open,True,,ResNet,edge,19.565105,19.565105
1.1-395,Krai,Available Cloud,NVIDIA Jetson AGX Xavier,, ,Inference,ResNet,Single Stream,latency (ms),Open - Power,ResNet,,NVIDIA Carmel (ARMv8.2),TFLite v2.5.0 (ruy),Edge,v1.1,1,open,Open,True,,ResNet,edge,13.695322,13.695322
1.1-367,Krai,Available Cloud,NVIDIA Jetson AGX Xavier,, ,Inference,ResNet,Offline,samples/s,Open - Power,ResNet,,NVIDIA Carmel (ARMv8.2),TFLite v2.5.0 (ruy),Edge,v1.1,1,open,Open,True,,ResNet,edge,65.8973,65.8973
1.1-330,Krai,Available Cloud,NVIDIA Jetson AGX Xavier,, ,Inference,ResNet,Offline,samples/s,Open - Power,ResNet,,NVIDIA Carmel (ARMv8.2),TFLite v2.5.0 (ruy),Edge,v1.1,1,open,Open,True,,ResNet,edge,41.375,41.375
1.1-417,Krai,Available Cloud,NVIDIA Jetson AGX Xavier,, ,Inference,ResNet,Offline,samples/s,Open - Power,ResNet,,NVIDIA Carmel (ARMv8.2),TFLite v2.5.0 (ruy),Edge,v1.1,1,open,Open,True,,ResNet,edge,221.281,221.281
1.1-355,Krai,Available Cloud,NVIDIA Jetson AGX Xavier,, ,Inference,ResNet,Single Stream,System energy (J) per stream*,Open - Power,ResNet,,NVIDIA Carmel (ARMv8.2),TFLite v2.5.0 (ruy),Edge,v1.1,1,open,Open,True,,ResNet,edge,0.166977987,0.166977987
1.1-400,Krai,Available Cloud,NVIDIA Jetson AGX Xavier,, ,Inference,ResNet,Offline,System Watts,Open - Power,ResNet,,NVIDIA Carmel (ARMv8.2),TFLite v2.5.0 (ruy),Edge,v1.1,1,open,Open,True,,ResNet,edge,20.19967,20.19967
1.1-342,Krai,Available Cloud,NVIDIA Jetson AGX Xavier,, ,Inference,ResNet,Single Stream,System energy (J) per stream*,Open - Power,ResNet,,NVIDIA Carmel (ARMv8.2),TFLite v2.5.0 (ruy),Edge,v1.1,1,open,Open,True,,ResNet,edge,0.058315903,0.058315903
1.1-382,Krai,Available Cloud,NVIDIA Jetson AGX Xavier,, ,Inference,ResNet,Single Stream,latency (ms),Open - Power,ResNet,,NVIDIA Carmel (ARMv8.2),TFLite v2.5.0 (ruy),Edge,v1.1,1,open,Open,True,,ResNet,edge,6.59666,6.59666
1.1-399,Krai,Available Cloud,NVIDIA Jetson AGX Xavier,, ,Inference,ResNet,Single Stream,latency (ms),Open - Power,ResNet,,NVIDIA Carmel (ARMv8.2),TFLite v2.5.0 (ruy),Edge,v1.1,1,open,Open,True,,ResNet,edge,6.418373,6.418373
1.1-403,Krai,Available Cloud,NVIDIA Jetson AGX Xavier,, ,Inference,ResNet,Single Stream,System energy (J) per stream*,Open - Power,ResNet,,NVIDIA Carmel (ARMv8.2),TFLite v2.5.0 (ruy),Edge,v1.1,1,open,Open,True,,ResNet,edge,0.220699900,0.220699900
1.1-369,Krai,Available Cloud,NVIDIA Jetson AGX Xavier,, ,Inference,ResNet,Offline,System Watts,Open - Power,ResNet,,NVIDIA Carmel (ARMv8.2),TFLite v2.5.0 (ruy),Edge,v1.1,1,open,Open,True,,ResNet,edge,22.70157167,22.70157167
1.1-370,Krai,Available Cloud,NVIDIA Jetson AGX Xavier,, ,Inference,ResNet,Offline,System Watts,Open - Power,ResNet,,NVIDIA Carmel (ARMv8.2),TFLite v2.5.0 (ruy),Edge,v1.1,1,open,Open,True,,ResNet,edge,19.74639667,19.74639667
1.1-370,Krai,Available Cloud,NVIDIA Jetson AGX Xavier,, ,Inference,ResNet,Single Stream,latency (ms),Open - Power,ResNet,,NVIDIA Carmel (ARMv8.2),TFLite v2.5.0 (ruy),Edge,v1.1,1,open,Open,True,,ResNet,edge,3.943099,3.943099
1.1-387,Krai,Available Cloud,NVIDIA Jetson AGX Xavier,, ,Inference,ResNet,Single Stream,System energy (J) per stream*,Open - Power,ResNet,,NVIDIA Carmel (ARMv8.2),TFLite v2.5.0 (ruy),Edge,v1.1,1,open,Open,True,,ResNet,edge,0.053092223,0.053092223
1.1-380,Krai,Available Cloud,NVIDIA Jetson AGX Xavier,, ,Inference,ResNet,Single Stream,latency (ms),Open - Power,ResNet,,NVIDIA Carmel (ARMv8.2),TFLite v2.5.0 (ruy),Edge,v1.1,1,open,Open,True,,ResNet,edge,4.727221,4.727221
1.1-343,Krai,Available Cloud,NVIDIA Jetson AGX Xavier,, ,Inference,ResNet,Single Stream,latency (ms),Open - Power,ResNet,,NVIDIA Carmel (ARMv8.2),TFLite v2.5.0 (ruy),Edge,v1.1,1,open,Open,True,,ResNet,edge,4.029306,4.029306
1.1-419,Krai,Available Cloud,NVIDIA Jetson AGX Xavier,, ,Inference,ResNet,Offline,System Watts,Open - Power,ResNet,,NVIDIA Carmel (ARMv8.2),TFLite v2.5.0 (ruy),Edge,v1.1,1,open,Open,True,,ResNet,edge,23.5609,23.5609
1.1-393,Krai,Available Cloud,NVIDIA Jetson AGX Xavier,, ,Inference,ResNet,Single Stream,latency (ms),Open - Power,ResNet,,NVIDIA Carmel (ARMv8.2),TFLite v2.5.0 (ruy),Edge,v1.1,1,open,Open,True,,ResNet,edge,11.062079,11.062079
1.1-348,Krai,Available Cloud,NVIDIA Jetson AGX Xavier,, ,Inference,ResNet,Offline,samples/s,Open - Power,ResNet,,NVIDIA Carmel (ARMv8.2),TFLite v2.5.0 (ruy),Edge,v1.1,1,open,Open,True,,ResNet,edge,247.614,247.614
1.1-398,Krai,Available Cloud,NVIDIA Jetson AGX Xavier,, ,Inference,ResNet,Single Stream,System energy (J) per stream*,Open - Power,ResNet,,NVIDIA Carmel (ARMv8.2),TFLite v2.5.0 (ruy),Edge,v1.1,1,open,Open,True,,ResNet,edge,0.083862462,0.083862462
1.1-350,Krai,Available Cloud,NVIDIA Jetson AGX Xavier,, ,Inference,ResNet,Offline,System Watts,Open - Power,ResNet,,NVIDIA Carmel (ARMv8.2),TFLite v2.5.0 (ruy),Edge,v1.1,1,open,Open,True,,ResNet,edge,20.20633833,20.20633833
1.1-336,Krai,Available Cloud,NVIDIA Jetson AGX Xavier,, ,Inference,ResNet,Single Stream,System energy (J) per stream*,Open - Power,ResNet,,NVIDIA Carmel (ARMv8.2),TFLite v2.5.0 (ruy),Edge,v1.1,1,open,Open,True,,ResNet,edge,1.690991465,1.690991465
1.1-347,Krai,Available Cloud,NVIDIA Jetson AGX Xavier,, ,Inference,ResNet,Single Stream,System energy (J) per stream*,Open - Power,ResNet,,NVIDIA Carmel (ARMv8.2),TFLite v2.5.0 (ruy),Edge,v1.1,1,open,Open,True,,ResNet,edge,0.089358654,0.089358654
1.1-418,Krai,Available Cloud,NVIDIA Jetson AGX Xavier,, ,Inference,ResNet,Offline,System Watts,Open - Power,ResNet,,NVIDIA Carmel (ARMv8.2),TFLite v2.5.0 (ruy),Edge,v1.1,1,open,Open,True,,ResNet,edge,22.74788333,22.74788333
1.1-354,Krai,Available Cloud,NVIDIA Jetson AGX Xavier,, ,Inference,ResNet,Offline,System Watts,Open - Power,ResNet,,NVIDIA Carmel (ARMv8.2),TFLite v2.5.0 (ruy),Edge,v1.1,1,open,Open,True,,ResNet,edge,20.14380833,20.14380833
1.1-410,Krai,Available Cloud,NVIDIA Jetson AGX Xavier,, ,Inference,ResNet,Single Stream,latency (ms),Open - Power,ResNet,,NVIDIA Carmel (ARMv8.2),TFLite v2.5.0 (ruy),Edge,v1.1,1,open,Open,True,,ResNet,edge,21.046135,21.046135
1.1-350,Krai,Available Cloud,NVIDIA Jetson AGX Xavier,, ,Inference,ResNet,Offline,samples/s,Open - Power,ResNet,,NVIDIA Carmel (ARMv8.2),TFLite v2.5.0 (ruy),Edge,v1.1,1,open,Open,True,,ResNet,edge,194.284,194.284
1.1-377,Krai,Available Cloud,NVIDIA Jetson AGX Xavier,, ,Inference,ResNet,Offline,System Watts,Open - Power,ResNet,,NVIDIA Carmel (ARMv8.2),TFLite v2.5.0 (ruy),Edge,v1.1,1,open,Open,True,,ResNet,edge,21.09288833,21.09288833
1.1-330,Krai,Available Cloud,NVIDIA Jetson AGX Xavier,, ,Inference,ResNet,Single Stream,System energy (J) per stream*,Open - Power,ResNet,,NVIDIA Carmel (ARMv8.2),TFLite v2.5.0 (ruy),Edge,v1.1,1,open,Open,True,,ResNet,edge,0.500726904,0.500726904
1.1-342,Krai,Available Cloud,NVIDIA Jetson AGX Xavier,, ,Inference,ResNet,Offline,samples/s,Open - Power,ResNet,,NVIDIA Carmel (ARMv8.2),TFLite v2.5.0 (ruy),Edge,v1.1,1,open,Open,True,,ResNet,edge,345.664,345.664
1.1-346,Krai,Available Cloud,NVIDIA Jetson AGX Xavier,, ,Inference,ResNet,Single Stream,System energy (J) per stream*,Open - Power,ResNet,,NVIDIA Carmel (ARMv8.2),TFLite v2.5.0 (ruy),Edge,v1.1,1,open,Open,True,,ResNet,edge,0.060886289,0.060886289
1.1-387,Krai,Available Cloud,NVIDIA Jetson AGX Xavier,, ,Inference,ResNet,Single Stream,latency (ms),Open - Power,ResNet,,NVIDIA Carmel (ARMv8.2),TFLite v2.5.0 (ruy),Edge,v1.1,1,open,Open,True,,ResNet,edge,3.135782,3.135782
1.1-405,Krai,Available Cloud,NVIDIA Jetson AGX Xavier,, ,Inference,ResNet,Single Stream,System energy (J) per stream*,Open - Power,ResNet,,NVIDIA Carmel (ARMv8.2),TFLite v2.5.0 (ruy),Edge,v1.1,1,open,Open,True,,ResNet,edge,0.323055970,0.323055970
1.1-366,Krai,Available Cloud,NVIDIA Jetson AGX Xavier,, ,Inference,ResNet,Single Stream,System energy (J) per stream*,Open - Power,ResNet,,NVIDIA Carmel (ARMv8.2),TFLite v2.5.0 (ruy),Edge,v1.1,1,open,Open,True,,ResNet,edge,0.261384338,0.261384338
1.1-368,Krai,Available Cloud,NVIDIA Jetson AGX Xavier,, ,Inference,ResNet,Single Stream,latency (ms),Open - Power,ResNet,,NVIDIA Carmel (ARMv8.2),TFLite v2.5.0 (ruy),Edge,v1.1,1,open,Open,True,,ResNet,edge,19.529412,19.529412
1.1-350,Krai,Available Cloud,NVIDIA Jetson AGX Xavier,, ,Inference,ResNet,Single Stream,latency (ms),Open - Power,ResNet,,NVIDIA Carmel (ARMv8.2),TFLite v2.5.0 (ruy),Edge,v1.1,1,open,Open,True,,ResNet,edge,6.648225,6.648225
1.1-355,Krai,Available Cloud,NVIDIA Jetson AGX Xavier,, ,Inference,ResNet,Single Stream,latency (ms),Open - Power,ResNet,,NVIDIA Carmel (ARMv8.2),TFLite v2.5.0 (ruy),Edge,v1.1,1,open,Open,True,,ResNet,edge,8.744358,8.744358
1.1-369,Krai,Available Cloud,NVIDIA Jetson AGX Xavier,, ,Inference,ResNet,Single Stream,latency (ms),Open - Power,ResNet,,NVIDIA Carmel (ARMv8.2),TFLite v2.5.0 (ruy),Edge,v1.1,1,open,Open,True,,ResNet,edge,3.374649,3.374649
1.1-376,Krai,Available Cloud,NVIDIA Jetson AGX Xavier,, ,Inference,ResNet,Single Stream,System energy (J) per stream*,Open - Power,ResNet,,NVIDIA Carmel (ARMv8.2),TFLite v2.5.0 (ruy),Edge,v1.1,1,open,Open,True,,ResNet,edge,0.128713095,0.128713095
1.1-389,Krai,Available Cloud,NVIDIA Jetson AGX Xavier,, ,Inference,ResNet,Single Stream,latency (ms),Open - Power,ResNet,,NVIDIA Carmel (ARMv8.2),TFLite v2.5.0 (ruy),Edge,v1.1,1,open,Open,True,,ResNet,edge,5.579233,5.579233
1.1-399,Krai,Available Cloud,NVIDIA Jetson AGX Xavier,, ,Inference,ResNet,Offline,System Watts,Open - Power,ResNet,,NVIDIA Carmel (ARMv8.2),TFLite v2.5.0 (ruy),Edge,v1.1,1,open,Open,True,,ResNet,edge,24.5665,24.5665
1.1-355,Krai,Available Cloud,NVIDIA Jetson AGX Xavier,, ,Inference,ResNet,Offline,System Watts,Open - Power,ResNet,,NVIDIA Carmel (ARMv8.2),TFLite v2.5.0 (ruy),Edge,v1.1,1,open,Open,True,,ResNet,edge,25.20866667,25.20866667
1.1-332,Krai,Available Cloud,NVIDIA Jetson AGX Xavier,, ,Inference,ResNet,Offline,samples/s,Open - Power,ResNet,,NVIDIA Carmel (ARMv8.2),TFLite v2.5.0 (ruy),Edge,v1.1,1,open,Open,True,,ResNet,edge,30.3491,30.3491
1.1-416,Krai,Available Cloud,NVIDIA Jetson AGX Xavier,, ,Inference,ResNet,Offline,samples/s,Open - Power,ResNet,,NVIDIA Carmel (ARMv8.2),TFLite v2.5.0 (ruy),Edge,v1.1,1,open,Open,True,,ResNet,edge,70.7366,70.7366
1.1-340,Krai,Available Cloud,NVIDIA Jetson AGX Xavier,, ,Inference,ResNet,Offline,samples/s,Open - Power,ResNet,,NVIDIA Carmel (ARMv8.2),TFLite v2.5.0 (ruy),Edge,v1.1,1,open,Open,True,,ResNet,edge,430.391,430.391
1.1-348,Krai,Available Cloud,NVIDIA Jetson AGX Xavier,, ,Inference,ResNet,Single Stream,System energy (J) per stream*,Open - Power,ResNet,,NVIDIA Carmel (ARMv8.2),TFLite v2.5.0 (ruy),Edge,v1.1,1,open,Open,True,,ResNet,edge,0.081367345,0.081367345
1.1-341,Krai,Available Cloud,NVIDIA Jetson AGX Xavier,, ,Inference,ResNet,Offline,samples/s,Open - Power,ResNet,,NVIDIA Carmel (ARMv8.2),TFLite v2.5.0 (ruy),Edge,v1.1,1,open,Open,True,,ResNet,edge,366.175,366.175
1.1-361,Krai,Available Cloud,NVIDIA Jetson AGX Xavier,, ,Inference,ResNet,Offline,samples/s,Open - Power,ResNet,,NVIDIA Carmel (ARMv8.2),TFLite v2.5.0 (ruy),Edge,v1.1,1,open,Open,True,,ResNet,edge,188.824,188.824
1.1-359,Krai,Available Cloud,NVIDIA Jetson AGX Xavier,, ,Inference,ResNet,Offline,System Watts,Open - Power,ResNet,,NVIDIA Carmel (ARMv8.2),TFLite v2.5.0 (ruy),Edge,v1.1,1,open,Open,True,,ResNet,edge,25.6811,25.6811
1.1-411,Krai,Available Cloud,NVIDIA Jetson AGX Xavier,, ,Inference,ResNet,Single Stream,System energy (J) per stream*,Open - Power,ResNet,,NVIDIA Carmel (ARMv8.2),TFLite v2.5.0 (ruy),Edge,v1.1,1,open,Open,True,,ResNet,edge,0.493942737,0.493942737
1.1-391,Krai,Available Cloud,NVIDIA Jetson AGX Xavier,, ,Inference,ResNet,Offline,System Watts,Open - Power,ResNet,,NVIDIA Carmel (ARMv8.2),TFLite v2.5.0 (ruy),Edge,v1.1,1,open,Open,True,,ResNet,edge,24.16301667,24.16301667
1.1-341,Krai,Available Cloud,NVIDIA Jetson AGX Xavier,, ,Inference,ResNet,Single Stream,System energy (J) per stream*,Open - Power,ResNet,,NVIDIA Carmel (ARMv8.2),TFLite v2.5.0 (ruy),Edge,v1.1,1,open,Open,True,,ResNet,edge,0.061797771,0.061797771
1.1-340,Krai,Available Cloud,NVIDIA Jetson AGX Xavier,, ,Inference,ResNet,Single Stream,latency (ms),Open - Power,ResNet,,NVIDIA Carmel (ARMv8.2),TFLite v2.5.0 (ruy),Edge,v1.1,1,open,Open,True,,ResNet,edge,3.030412,3.030412
1.1-415,Krai,Available Cloud,NVIDIA Jetson AGX Xavier,, ,Inference,ResNet,Offline,System Watts,Open - Power,ResNet,,NVIDIA Carmel (ARMv8.2),TFLite v2.5.0 (ruy),Edge,v1.1,1,open,Open,True,,ResNet,edge,25.08906667,25.08906667
1.1-365,Krai,Available Cloud,NVIDIA Jetson AGX Xavier,, ,Inference,ResNet,Offline,samples/s,Open - Power,ResNet,,NVIDIA Carmel (ARMv8.2),TFLite v2.5.0 (ruy),Edge,v1.1,1,open,Open,True,,ResNet,edge,80.2436,80.2436
1.1-407,Krai,Available Cloud,NVIDIA Jetson AGX Xavier,, ,Inference,ResNet,Offline,samples/s,Open - Power,ResNet,,NVIDIA Carmel (ARMv8.2),TFLite v2.5.0 (ruy),Edge,v1.1,1,open,Open,True,,ResNet,edge,235.144,235.144
1.1-360,Krai,Available Cloud,NVIDIA Jetson AGX Xavier,, ,Inference,ResNet,Single Stream,latency (ms),Open - Power,ResNet,,NVIDIA Carmel (ARMv8.2),TFLite v2.5.0 (ruy),Edge,v1.1,1,open,Open,True,,ResNet,edge,12.770514,12.770514
1.1-329,Krai,Available Cloud,NVIDIA Jetson AGX Xavier,, ,Inference,ResNet,Single Stream,latency (ms),Open - Power,ResNet,,NVIDIA Carmel (ARMv8.2),TFLite v2.5.0 (ruy),Edge,v1.1,1,open,Open,True,,ResNet,edge,26.60014,26.60014
1.1-403,Krai,Available Cloud,NVIDIA Jetson AGX Xavier,, ,Inference,ResNet,Offline,System Watts,Open - Power,ResNet,,NVIDIA Carmel (ARMv8.2),TFLite v2.5.0 (ruy),Edge,v1.1,1,open,Open,True,,ResNet,edge,25.49238333,25.49238333
1.1-328,Krai,Available Cloud,NVIDIA Jetson AGX Xavier,, ,Inference,ResNet,Single Stream,System energy (J) per stream*,Open - Power,ResNet,,NVIDIA Carmel (ARMv8.2),TFLite v2.5.0 (ruy),Edge,v1.1,1,open,Open,True,,ResNet,edge,0.360324959,0.360324959
1.1-410,Krai,Available Cloud,NVIDIA Jetson AGX Xavier,, ,Inference,ResNet,Single Stream,System energy (J) per stream*,Open - Power,ResNet,,NVIDIA Carmel (ARMv8.2),TFLite v2.5.0 (ruy),Edge,v1.1,1,open,Open,True,,ResNet,edge,0.447258924,0.447258924
1.1-349,Krai,Available Cloud,NVIDIA Jetson AGX Xavier,, ,Inference,ResNet,Offline,System Watts,Open - Power,ResNet,,NVIDIA Carmel (ARMv8.2),TFLite v2.5.0 (ruy),Edge,v1.1,1,open,Open,True,,ResNet,edge,24.4868,24.4868
1.1-393,Krai,Available Cloud,NVIDIA Jetson AGX Xavier,, ,Inference,ResNet,Single Stream,System energy (J) per stream*,Open - Power,ResNet,,NVIDIA Carmel (ARMv8.2),TFLite v2.5.0 (ruy),Edge,v1.1,1,open,Open,True,,ResNet,edge,0.201518828,0.201518828
1.1-396,Krai,Available Cloud,NVIDIA Jetson AGX Xavier,, ,Inference,ResNet,Offline,samples/s,Open - Power,ResNet,,NVIDIA Carmel (ARMv8.2),TFLite v2.5.0 (ruy),Edge,v1.1,1,open,Open,True,,ResNet,edge,79.5843,79.5843
1.1-363,Krai,Available Cloud,NVIDIA Jetson AGX Xavier,, ,Inference,ResNet,Offline,samples/s,Open - Power,ResNet,,NVIDIA Carmel (ARMv8.2),TFLite v2.5.0 (ruy),Edge,v1.1,1,open,Open,True,,ResNet,edge,122.754,122.754
1.1-394,Krai,Available Cloud,NVIDIA Jetson AGX Xavier,, ,Inference,ResNet,Offline,samples/s,Open - Power,ResNet,,NVIDIA Carmel (ARMv8.2),TFLite v2.5.0 (ruy),Edge,v1.1,1,open,Open,True,,ResNet,edge,101.528,101.528
1.1-335,Krai,Available Cloud,NVIDIA Jetson AGX Xavier,, ,Inference,ResNet,Offline,samples/s,Open - Power,ResNet,,NVIDIA Carmel (ARMv8.2),TFLite v2.5.0 (ruy),Edge,v1.1,1,open,Open,True,,ResNet,edge,15.6123,15.6123
1.1-338,Krai,Available Cloud,NVIDIA Jetson AGX Xavier,, ,Inference,ResNet,Offline,System Watts,Open - Power,ResNet,,NVIDIA Carmel (ARMv8.2),TFLite v2.5.0 (ruy),Edge,v1.1,1,open,Open,True,,ResNet,edge,19.53993,19.53993
1.1-338,Krai,Available Cloud,NVIDIA Jetson AGX Xavier,, ,Inference,ResNet,Offline,samples/s,Open - Power,ResNet,,NVIDIA Carmel (ARMv8.2),TFLite v2.5.0 (ruy),Edge,v1.1,1,open,Open,True,,ResNet,edge,545.126,545.126
1.1-398,Krai,Available Cloud,NVIDIA Jetson AGX Xavier,, ,Inference,ResNet,Offline,System Watts,Open - Power,ResNet,,NVIDIA Carmel (ARMv8.2),TFLite v2.5.0 (ruy),Edge,v1.1,1,open,Open,True,,ResNet,edge,19.86165,19.86165
1.1-397,Krai,Available Cloud,NVIDIA Jetson AGX Xavier,, ,Inference,ResNet,Offline,samples/s,Open - Power,ResNet,,NVIDIA Carmel (ARMv8.2),TFLite v2.5.0 (ruy),Edge,v1.1,1,open,Open,True,,ResNet,edge,268.927,268.927
1.1-357,Krai,Available Cloud,NVIDIA Jetson AGX Xavier,, ,Inference,ResNet,Single Stream,System energy (J) per stream*,Open - Power,ResNet,,NVIDIA Carmel (ARMv8.2),TFLite v2.5.0 (ruy),Edge,v1.1,1,open,Open,True,,ResNet,edge,0.206219769,0.206219769
1.1-384,Krai,Available Cloud,NVIDIA Jetson AGX Xavier,, ,Inference,ResNet,Single Stream,System energy (J) per stream*,Open - Power,ResNet,,NVIDIA Carmel (ARMv8.2),TFLite v2.5.0 (ruy),Edge,v1.1,1,open,Open,True,,ResNet,edge,0.127770080,0.127770080
1.1-413,Krai,Available Cloud,NVIDIA Jetson AGX Xavier,, ,Inference,ResNet,Offline,System Watts,Open - Power,ResNet,,NVIDIA Carmel (ARMv8.2),TFLite v2.5.0 (ruy),Edge,v1.1,1,open,Open,True,,ResNet,edge,20.37374333,20.37374333
1.1-396,Krai,Available Cloud,NVIDIA Jetson AGX Xavier,, ,Inference,ResNet,Single Stream,System energy (J) per stream*,Open - Power,ResNet,,NVIDIA Carmel (ARMv8.2),TFLite v2.5.0 (ruy),Edge,v1.1,1,open,Open,True,,ResNet,edge,0.254172505,0.254172505
1.1-412,Krai,Available Cloud,NVIDIA Jetson AGX Xavier,, ,Inference,ResNet,Single Stream,latency (ms),Open - Power,ResNet,,NVIDIA Carmel (ARMv8.2),TFLite v2.5.0 (ruy),Edge,v1.1,1,open,Open,True,,ResNet,edge,13.120734,13.120734
1.1-360,Krai,Available Cloud,NVIDIA Jetson AGX Xavier,, ,Inference,ResNet,Offline,System Watts,Open - Power,ResNet,,NVIDIA Carmel (ARMv8.2),TFLite v2.5.0 (ruy),Edge,v1.1,1,open,Open,True,,ResNet,edge,20.4502,20.4502
1.1-417,Krai,Available Cloud,NVIDIA Jetson AGX Xavier,, ,Inference,ResNet,Single Stream,latency (ms),Open - Power,ResNet,,NVIDIA Carmel (ARMv8.2),TFLite v2.5.0 (ruy),Edge,v1.1,1,open,Open,True,,ResNet,edge,5.91007,5.91007
1.1-398,Krai,Available Cloud,NVIDIA Jetson AGX Xavier,, ,Inference,ResNet,Single Stream,latency (ms),Open - Power,ResNet,,NVIDIA Carmel (ARMv8.2),TFLite v2.5.0 (ruy),Edge,v1.1,1,open,Open,True,,ResNet,edge,5.334928,5.334928
1.1-394,Krai,Available Cloud,NVIDIA Jetson AGX Xavier,, ,Inference,ResNet,Offline,System Watts,Open - Power,ResNet,,NVIDIA Carmel (ARMv8.2),TFLite v2.5.0 (ruy),Edge,v1.1,1,open,Open,True,,ResNet,edge,20.26948833,20.26948833
1.1-401,Krai,Available Cloud,NVIDIA Jetson AGX Xavier,, ,Inference,ResNet,Single Stream,latency (ms),Open - Power,ResNet,,NVIDIA Carmel (ARMv8.2),TFLite v2.5.0 (ruy),Edge,v1.1,1,open,Open,True,,ResNet,edge,9.103972,9.103972
1.1-404,Krai,Available Cloud,NVIDIA Jetson AGX Xavier,, ,Inference,ResNet,Offline,System Watts,Open - Power,ResNet,,NVIDIA Carmel (ARMv8.2),TFLite v2.5.0 (ruy),Edge,v1.1,1,open,Open,True,,ResNet,edge,20.3319,20.3319
1.1-329,Krai,Available Cloud,NVIDIA Jetson AGX Xavier,, ,Inference,ResNet,Offline,System Watts,Open - Power,ResNet,,NVIDIA Carmel (ARMv8.2),TFLite v2.5.0 (ruy),Edge,v1.1,1,open,Open,True,,ResNet,edge,26.41116667,26.41116667
1.1-406,Krai,Available Cloud,NVIDIA Jetson AGX Xavier,, ,Inference,ResNet,Single Stream,System energy (J) per stream*,Open - Power,ResNet,,NVIDIA Carmel (ARMv8.2),TFLite v2.5.0 (ruy),Edge,v1.1,1,open,Open,True,,ResNet,edge,0.314278966,0.314278966
1.1-403,Krai,Available Cloud,NVIDIA Jetson AGX Xavier,, ,Inference,ResNet,Offline,samples/s,Open - Power,ResNet,,NVIDIA Carmel (ARMv8.2),TFLite v2.5.0 (ruy),Edge,v1.1,1,open,Open,True,,ResNet,edge,115.73,115.73
1.1-373,Krai,Available Cloud,NVIDIA Jetson AGX Xavier,, ,Inference,ResNet,Offline,System Watts,Open - Power,ResNet,,NVIDIA Carmel (ARMv8.2),TFLite v2.5.0 (ruy),Edge,v1.1,1,open,Open,True,,ResNet,edge,22.761685,22.761685
1.1-352,Krai,Available Cloud,NVIDIA Jetson AGX Xavier,, ,Inference,ResNet,Single Stream,System energy (J) per stream*,Open - Power,ResNet,,NVIDIA Carmel (ARMv8.2),TFLite v2.5.0 (ruy),Edge,v1.1,1,open,Open,True,,ResNet,edge,0.131432393,0.131432393
1.1-412,Krai,Available Cloud,NVIDIA Jetson AGX Xavier,, ,Inference,ResNet,Single Stream,System energy (J) per stream*,Open - Power,ResNet,,NVIDIA Carmel (ARMv8.2),TFLite v2.5.0 (ruy),Edge,v1.1,1,open,Open,True,,ResNet,edge,0.242850220,0.242850220
1.1-334,Krai,Available Cloud,NVIDIA Jetson AGX Xavier,, ,Inference,ResNet,Single Stream,latency (ms),Open - Power,ResNet,,NVIDIA Carmel (ARMv8.2),TFLite v2.5.0 (ruy),Edge,v1.1,1,open,Open,True,,ResNet,edge,59.10808,59.10808
1.1-414,Krai,Available Cloud,NVIDIA Jetson AGX Xavier,, ,Inference,ResNet,Single Stream,System energy (J) per stream*,Open - Power,ResNet,,NVIDIA Carmel (ARMv8.2),TFLite v2.5.0 (ruy),Edge,v1.1,1,open,Open,True,,ResNet,edge,0.225250888,0.225250888
1.1-394,Krai,Available Cloud,NVIDIA Jetson AGX Xavier,, ,Inference,ResNet,Single Stream,latency (ms),Open - Power,ResNet,,NVIDIA Carmel (ARMv8.2),TFLite v2.5.0 (ruy),Edge,v1.1,1,open,Open,True,,ResNet,edge,13.262278,13.262278
1.1-384,Krai,Available Cloud,NVIDIA Jetson AGX Xavier,, ,Inference,ResNet,Single Stream,latency (ms),Open - Power,ResNet,,NVIDIA Carmel (ARMv8.2),TFLite v2.5.0 (ruy),Edge,v1.1,1,open,Open,True,,ResNet,edge,8.097241,8.097241
1.1-375,Krai,Available Cloud,NVIDIA Jetson AGX Xavier,, ,Inference,ResNet,Offline,System Watts,Open - Power,ResNet,,NVIDIA Carmel (ARMv8.2),TFLite v2.5.0 (ruy),Edge,v1.1,1,open,Open,True,,ResNet,edge,23.66138333,23.66138333
1.1-397,Krai,Available Cloud,NVIDIA Jetson AGX Xavier,, ,Inference,ResNet,Single Stream,System energy (J) per stream*,Open - Power,ResNet,,NVIDIA Carmel (ARMv8.2),TFLite v2.5.0 (ruy),Edge,v1.1,1,open,Open,True,,ResNet,edge,0.085157867,0.085157867
1.1-337,Krai,Available Cloud,NVIDIA Jetson AGX Xavier,, ,Inference,ResNet,Offline,samples/s,Open - Power,ResNet,,NVIDIA Carmel (ARMv8.2),TFLite v2.5.0 (ruy),Edge,v1.1,1,open,Open,True,,ResNet,edge,570.165,570.165
1.1-362,Krai,Available Cloud,NVIDIA Jetson AGX Xavier,, ,Inference,ResNet,Offline,samples/s,Open - Power,ResNet,,NVIDIA Carmel (ARMv8.2),TFLite v2.5.0 (ruy),Edge,v1.1,1,open,Open,True,,ResNet,edge,130.984,130.984
1.1-335,Krai,Available Cloud,NVIDIA Jetson AGX Xavier,, ,Inference,ResNet,Single Stream,System energy (J) per stream*,Open - Power,ResNet,,NVIDIA Carmel (ARMv8.2),TFLite v2.5.0 (ruy),Edge,v1.1,1,open,Open,True,,ResNet,edge,1.77794697,1.77794697
1.1-376,Krai,Available Cloud,NVIDIA Jetson AGX Xavier,, ,Inference,ResNet,Offline,samples/s,Open - Power,ResNet,,NVIDIA Carmel (ARMv8.2),TFLite v2.5.0 (ruy),Edge,v1.1,1,open,Open,True,,ResNet,edge,154.381,154.381
1.1-327,Krai,Available Cloud,NVIDIA Jetson AGX Xavier,, ,Inference,ResNet,Offline,System Watts,Open - Power,ResNet,,NVIDIA Carmel (ARMv8.2),TFLite v2.5.0 (ruy),Edge,v1.1,1,open,Open,True,,ResNet,edge,26.26365,26.26365
1.1-412,Krai,Available Cloud,NVIDIA Jetson AGX Xavier,, ,Inference,ResNet,Offline,samples/s,Open - Power,ResNet,,NVIDIA Carmel (ARMv8.2),TFLite v2.5.0 (ruy),Edge,v1.1,1,open,Open,True,,ResNet,edge,102.677,102.677
1.1-374,Krai,Available Cloud,NVIDIA Jetson AGX Xavier,, ,Inference,ResNet,Single Stream,latency (ms),Open - Power,ResNet,,NVIDIA Carmel (ARMv8.2),TFLite v2.5.0 (ruy),Edge,v1.1,1,open,Open,True,,ResNet,edge,6.385803,6.385803
1.1-409,Krai,Available Cloud,NVIDIA Jetson AGX Xavier,, ,Inference,ResNet,Single Stream,System energy (J) per stream*,Open - Power,ResNet,,NVIDIA Carmel (ARMv8.2),TFLite v2.5.0 (ruy),Edge,v1.1,1,open,Open,True,,ResNet,edge,0.473206924,0.473206924
1.1-339,Krai,Available Cloud,NVIDIA Jetson AGX Xavier,, ,Inference,ResNet,Offline,System Watts,Open - Power,ResNet,,NVIDIA Carmel (ARMv8.2),TFLite v2.5.0 (ruy),Edge,v1.1,1,open,Open,True,,ResNet,edge,22.39802333,22.39802333
1.1-379,Krai,Available Cloud,NVIDIA Jetson AGX Xavier,, ,Inference,ResNet,Offline,samples/s,Open - Power,ResNet,,NVIDIA Carmel (ARMv8.2),TFLite v2.5.0 (ruy),Edge,v1.1,1,open,Open,True,,ResNet,edge,346.337,346.337
1.1-377,Krai,Available Cloud,NVIDIA Jetson AGX Xavier,, ,Inference,ResNet,Offline,samples/s,Open - Power,ResNet,,NVIDIA Carmel (ARMv8.2),TFLite v2.5.0 (ruy),Edge,v1.1,1,open,Open,True,,ResNet,edge,491.539,491.539
1.1-357,Krai,Available Cloud,NVIDIA Jetson AGX Xavier,, ,Inference,ResNet,Single Stream,latency (ms),Open - Power,ResNet,,NVIDIA Carmel (ARMv8.2),TFLite v2.5.0 (ruy),Edge,v1.1,1,open,Open,True,,ResNet,edge,9.629055,9.629055
1.1-384,Krai,Available Cloud,NVIDIA Jetson AGX Xavier,, ,Inference,ResNet,Offline,System Watts,Open - Power,ResNet,,NVIDIA Carmel (ARMv8.2),TFLite v2.5.0 (ruy),Edge,v1.1,1,open,Open,True,,ResNet,edge,20.18486167,20.18486167
1.1-349,Krai,Available Cloud,NVIDIA Jetson AGX Xavier,, ,Inference,ResNet,Single Stream,System energy (J) per stream*,Open - Power,ResNet,,NVIDIA Carmel (ARMv8.2),TFLite v2.5.0 (ruy),Edge,v1.1,1,open,Open,True,,ResNet,edge,0.124490585,0.124490585
1.1-403,Krai,Available Cloud,NVIDIA Jetson AGX Xavier,, ,Inference,ResNet,Single Stream,latency (ms),Open - Power,ResNet,,NVIDIA Carmel (ARMv8.2),TFLite v2.5.0 (ruy),Edge,v1.1,1,open,Open,True,,ResNet,edge,10.93885,10.93885
1.1-381,Krai,Available Cloud,NVIDIA Jetson AGX Xavier,, ,Inference,ResNet,Offline,samples/s,Open - Power,ResNet,,NVIDIA Carmel (ARMv8.2),TFLite v2.5.0 (ruy),Edge,v1.1,1,open,Open,True,,ResNet,edge,252.106,252.106
1.1-393,Krai,Available Cloud,NVIDIA Jetson AGX Xavier,, ,Inference,ResNet,Offline,System Watts,Open - Power,ResNet,,NVIDIA Carmel (ARMv8.2),TFLite v2.5.0 (ruy),Edge,v1.1,1,open,Open,True,,ResNet,edge,24.9174,24.9174
1.1-341,Krai,Available Cloud,NVIDIA Jetson AGX Xavier,, ,Inference,ResNet,Single Stream,latency (ms),Open - Power,ResNet,,NVIDIA Carmel (ARMv8.2),TFLite v2.5.0 (ruy),Edge,v1.1,1,open,Open,True,,ResNet,edge,3.277252,3.277252
1.1-358,Krai,Available Cloud,NVIDIA Jetson AGX Xavier,, ,Inference,ResNet,Single Stream,latency (ms),Open - Power,ResNet,,NVIDIA Carmel (ARMv8.2),TFLite v2.5.0 (ruy),Edge,v1.1,1,open,Open,True,,ResNet,edge,10.151434,10.151434
1.1-388,Krai,Available Cloud,NVIDIA Jetson AGX Xavier,, ,Inference,ResNet,Offline,samples/s,Open - Power,ResNet,,NVIDIA Carmel (ARMv8.2),TFLite v2.5.0 (ruy),Edge,v1.1,1,open,Open,True,,ResNet,edge,335.797,335.797
1.1-396,Krai,Available Cloud,NVIDIA Jetson AGX Xavier,, ,Inference,ResNet,Single Stream,latency (ms),Open - Power,ResNet,,NVIDIA Carmel (ARMv8.2),TFLite v2.5.0 (ruy),Edge,v1.1,1,open,Open,True,,ResNet,edge,16.323818,16.323818
1.1-340,Krai,Available Cloud,NVIDIA Jetson AGX Xavier,, ,Inference,ResNet,Offline,System Watts,Open - Power,ResNet,,NVIDIA Carmel (ARMv8.2),TFLite v2.5.0 (ruy),Edge,v1.1,1,open,Open,True,,ResNet,edge,20.08869833,20.08869833
1.1-368,Krai,Available Cloud,NVIDIA Jetson AGX Xavier,, ,Inference,ResNet,Offline,samples/s,Open - Power,ResNet,,NVIDIA Carmel (ARMv8.2),TFLite v2.5.0 (ruy),Edge,v1.1,1,open,Open,True,,ResNet,edge,58.9037,58.9037
1.1-407,Krai,Available Cloud,NVIDIA Jetson AGX Xavier,, ,Inference,ResNet,Single Stream,latency (ms),Open - Power,ResNet,,NVIDIA Carmel (ARMv8.2),TFLite v2.5.0 (ruy),Edge,v1.1,1,open,Open,True,,ResNet,edge,5.990814,5.990814
1.1-351,Krai,Available Cloud,NVIDIA Jetson AGX Xavier,, ,Inference,ResNet,Single Stream,latency (ms),Open - Power,ResNet,,NVIDIA Carmel (ARMv8.2),TFLite v2.5.0 (ruy),Edge,v1.1,1,open,Open,True,,ResNet,edge,8.239409,8.239409
1.1-336,Krai,Available Cloud,NVIDIA Jetson AGX Xavier,, ,Inference,ResNet,Offline,System Watts,Open - Power,ResNet,,NVIDIA Carmel (ARMv8.2),TFLite v2.5.0 (ruy),Edge,v1.1,1,open,Open,True,,ResNet,edge,21.20621667,21.20621667
1.1-329,Krai,Available Cloud,NVIDIA Jetson AGX Xavier,, ,Inference,ResNet,Single Stream,System energy (J) per stream*,Open - Power,ResNet,,NVIDIA Carmel (ARMv8.2),TFLite v2.5.0 (ruy),Edge,v1.1,1,open,Open,True,,ResNet,edge,0.557690589,0.557690589
1.1-365,Krai,Available Cloud,NVIDIA Jetson AGX Xavier,, ,Inference,ResNet,Offline,System Watts,Open - Power,ResNet,,NVIDIA Carmel (ARMv8.2),TFLite v2.5.0 (ruy),Edge,v1.1,1,open,Open,True,,ResNet,edge,26.28695,26.28695
1.1-413,Krai,Available Cloud,NVIDIA Jetson AGX Xavier,, ,Inference,ResNet,Single Stream,latency (ms),Open - Power,ResNet,,NVIDIA Carmel (ARMv8.2),TFLite v2.5.0 (ruy),Edge,v1.1,1,open,Open,True,,ResNet,edge,13.457448,13.457448
1.1-417,Krai,Available Cloud,NVIDIA Jetson AGX Xavier,, ,Inference,ResNet,Offline,System Watts,Open - Power,ResNet,,NVIDIA Carmel (ARMv8.2),TFLite v2.5.0 (ruy),Edge,v1.1,1,open,Open,True,,ResNet,edge,22.367975,22.367975
1.1-391,Krai,Available Cloud,NVIDIA Jetson AGX Xavier,, ,Inference,ResNet,Single Stream,latency (ms),Open - Power,ResNet,,NVIDIA Carmel (ARMv8.2),TFLite v2.5.0 (ruy),Edge,v1.1,1,open,Open,True,,ResNet,edge,8.618986,8.618986
1.1-350,Krai,Available Cloud,NVIDIA Jetson AGX Xavier,, ,Inference,ResNet,Single Stream,System energy (J) per stream*,Open - Power,ResNet,,NVIDIA Carmel (ARMv8.2),TFLite v2.5.0 (ruy),Edge,v1.1,1,open,Open,True,,ResNet,edge,0.104151015,0.104151015
1.1-383,Krai,Available Cloud,NVIDIA Jetson AGX Xavier,, ,Inference,ResNet,Offline,samples/s,Open - Power,ResNet,,NVIDIA Carmel (ARMv8.2),TFLite v2.5.0 (ruy),Edge,v1.1,1,open,Open,True,,ResNet,edge,176.272,176.272
1.1-389,Krai,Available Cloud,NVIDIA Jetson AGX Xavier,, ,Inference,ResNet,Offline,System Watts,Open - Power,ResNet,,NVIDIA Carmel (ARMv8.2),TFLite v2.5.0 (ruy),Edge,v1.1,1,open,Open,True,,ResNet,edge,23.76988333,23.76988333
1.1-329,Krai,Available Cloud,NVIDIA Jetson AGX Xavier,, ,Inference,ResNet,Offline,samples/s,Open - Power,ResNet,,NVIDIA Carmel (ARMv8.2),TFLite v2.5.0 (ruy),Edge,v1.1,1,open,Open,True,,ResNet,edge,47.4027,47.4027
1.1-331,Krai,Available Cloud,NVIDIA Jetson AGX Xavier,, ,Inference,ResNet,Single Stream,latency (ms),Open - Power,ResNet,,NVIDIA Carmel (ARMv8.2),TFLite v2.5.0 (ruy),Edge,v1.1,1,open,Open,True,,ResNet,edge,31.213763,31.213763
1.1-411,Krai,Available Cloud,NVIDIA Jetson AGX Xavier,, ,Inference,ResNet,Single Stream,latency (ms),Open - Power,ResNet,,NVIDIA Carmel (ARMv8.2),TFLite v2.5.0 (ruy),Edge,v1.1,1,open,Open,True,,ResNet,edge,29.464475,29.464475
1.1-349,Krai,Available Cloud,NVIDIA Jetson AGX Xavier,, ,Inference,ResNet,Single Stream,latency (ms),Open - Power,ResNet,,NVIDIA Carmel (ARMv8.2),TFLite v2.5.0 (ruy),Edge,v1.1,1,open,Open,True,,ResNet,edge,6.893874,6.893874
1.1-362,Krai,Available Cloud,NVIDIA Jetson AGX Xavier,, ,Inference,ResNet,Offline,System Watts,Open - Power,ResNet,,NVIDIA Carmel (ARMv8.2),TFLite v2.5.0 (ruy),Edge,v1.1,1,open,Open,True,,ResNet,edge,20.358195,20.358195
1.1-412,Krai,Available Cloud,NVIDIA Jetson AGX Xavier,, ,Inference,ResNet,Offline,System Watts,Open - Power,ResNet,,NVIDIA Carmel (ARMv8.2),TFLite v2.5.0 (ruy),Edge,v1.1,1,open,Open,True,,ResNet,edge,24.88923333,24.88923333
1.1-408,Krai,Available Cloud,NVIDIA Jetson AGX Xavier,, ,Inference,ResNet,Single Stream,latency (ms),Open - Power,ResNet,,NVIDIA Carmel (ARMv8.2),TFLite v2.5.0 (ruy),Edge,v1.1,1,open,Open,True,,ResNet,edge,6.804404,6.804404
1.1-416,Krai,Available Cloud,NVIDIA Jetson AGX Xavier,, ,Inference,ResNet,Single Stream,System energy (J) per stream*,Open - Power,ResNet,,NVIDIA Carmel (ARMv8.2),TFLite v2.5.0 (ruy),Edge,v1.1,1,open,Open,True,,ResNet,edge,0.292912330,0.292912330
1.1-406,Krai,Available Cloud,NVIDIA Jetson AGX Xavier,, ,Inference,ResNet,Offline,samples/s,Open - Power,ResNet,,NVIDIA Carmel (ARMv8.2),TFLite v2.5.0 (ruy),Edge,v1.1,1,open,Open,True,,ResNet,edge,63.5934,63.5934
1.1-375,Krai,Available Cloud,NVIDIA Jetson AGX Xavier,, ,Inference,ResNet,Single Stream,System energy (J) per stream*,Open - Power,ResNet,,NVIDIA Carmel (ARMv8.2),TFLite v2.5.0 (ruy),Edge,v1.1,1,open,Open,True,,ResNet,edge,0.126348358,0.126348358
1.1-404,Krai,Available Cloud,NVIDIA Jetson AGX Xavier,, ,Inference,ResNet,Offline,samples/s,Open - Power,ResNet,,NVIDIA Carmel (ARMv8.2),TFLite v2.5.0 (ruy),Edge,v1.1,1,open,Open,True,,ResNet,edge,81.9101,81.9101
1.1-336,Krai,Available Cloud,NVIDIA Jetson AGX Xavier,, ,Inference,ResNet,Offline,samples/s,Open - Power,ResNet,,NVIDIA Carmel (ARMv8.2),TFLite v2.5.0 (ruy),Edge,v1.1,1,open,Open,True,,ResNet,edge,12.5438,12.5438
1.1-386,Krai,Available Cloud,NVIDIA Jetson AGX Xavier,, ,Inference,ResNet,Offline,samples/s,Open - Power,ResNet,,NVIDIA Carmel (ARMv8.2),TFLite v2.5.0 (ruy),Edge,v1.1,1,open,Open,True,,ResNet,edge,129.422,129.422
1.1-358,Krai,Available Cloud,NVIDIA Jetson AGX Xavier,, ,Inference,ResNet,Offline,System Watts,Open - Power,ResNet,,NVIDIA Carmel (ARMv8.2),TFLite v2.5.0 (ruy),Edge,v1.1,1,open,Open,True,,ResNet,edge,20.42497667,20.42497667
1.1-337,Krai,Available Cloud,NVIDIA Jetson AGX Xavier,, ,Inference,ResNet,Single Stream,latency (ms),Open - Power,ResNet,,NVIDIA Carmel (ARMv8.2),TFLite v2.5.0 (ruy),Edge,v1.1,1,open,Open,True,,ResNet,edge,2.268546,2.268546
1.1-390,Krai,Available Cloud,NVIDIA Jetson AGX Xavier,, ,Inference,ResNet,Single Stream,System energy (J) per stream*,Open - Power,ResNet,,NVIDIA Carmel (ARMv8.2),TFLite v2.5.0 (ruy),Edge,v1.1,1,open,Open,True,,ResNet,edge,0.114464014,0.114464014
1.1-331,Krai,Available Cloud,NVIDIA Jetson AGX Xavier,, ,Inference,ResNet,Offline,samples/s,Open - Power,ResNet,,NVIDIA Carmel (ARMv8.2),TFLite v2.5.0 (ruy),Edge,v1.1,1,open,Open,True,,ResNet,edge,40.2329,40.2329
1.1-396,Krai,Available Cloud,NVIDIA Jetson AGX Xavier,, ,Inference,ResNet,Offline,System Watts,Open - Power,ResNet,,NVIDIA Carmel (ARMv8.2),TFLite v2.5.0 (ruy),Edge,v1.1,1,open,Open,True,,ResNet,edge,20.20910333,20.20910333
1.1-388,Krai,Available Cloud,NVIDIA Jetson AGX Xavier,, ,Inference,ResNet,Single Stream,System energy (J) per stream*,Open - Power,ResNet,,NVIDIA Carmel (ARMv8.2),TFLite v2.5.0 (ruy),Edge,v1.1,1,open,Open,True,,ResNet,edge,0.060095704,0.060095704
1.1-359,Krai,Available Cloud,NVIDIA Jetson AGX Xavier,, ,Inference,ResNet,Single Stream,latency (ms),Open - Power,ResNet,,NVIDIA Carmel (ARMv8.2),TFLite v2.5.0 (ruy),Edge,v1.1,1,open,Open,True,,ResNet,edge,12.755434,12.755434
1.1-369,Krai,Available Cloud,NVIDIA Jetson AGX Xavier,, ,Inference,ResNet,Offline,samples/s,Open - Power,ResNet,,NVIDIA Carmel (ARMv8.2),TFLite v2.5.0 (ruy),Edge,v1.1,1,open,Open,True,,ResNet,edge,385.855,385.855
1.1-408,Krai,Available Cloud,NVIDIA Jetson AGX Xavier,, ,Inference,ResNet,Offline,samples/s,Open - Power,ResNet,,NVIDIA Carmel (ARMv8.2),TFLite v2.5.0 (ruy),Edge,v1.1,1,open,Open,True,,ResNet,edge,194.475,194.475
1.1-332,Krai,Available Cloud,NVIDIA Jetson AGX Xavier,, ,Inference,ResNet,Single Stream,System energy (J) per stream*,Open - Power,ResNet,,NVIDIA Carmel (ARMv8.2),TFLite v2.5.0 (ruy),Edge,v1.1,1,open,Open,True,,ResNet,edge,0.692945282,0.692945282
1.1-367,Krai,Available Cloud,NVIDIA Jetson AGX Xavier,, ,Inference,ResNet,Offline,System Watts,Open - Power,ResNet,,NVIDIA Carmel (ARMv8.2),TFLite v2.5.0 (ruy),Edge,v1.1,1,open,Open,True,,ResNet,edge,26.43891667,26.43891667
1.1-419,Krai,Available Cloud,NVIDIA Jetson AGX Xavier,, ,Inference,ResNet,Single Stream,latency (ms),Open - Power,ResNet,,NVIDIA Carmel (ARMv8.2),TFLite v2.5.0 (ruy),Edge,v1.1,1,open,Open,True,,ResNet,edge,6.070641,6.070641
1.1-333,Krai,Available Cloud,NVIDIA Jetson AGX Xavier,, ,Inference,ResNet,Offline,samples/s,Open - Power,ResNet,,NVIDIA Carmel (ARMv8.2),TFLite v2.5.0 (ruy),Edge,v1.1,1,open,Open,True,,ResNet,edge,25.4307,25.4307
1.1-401,Krai,Available Cloud,NVIDIA Jetson AGX Xavier,, ,Inference,ResNet,Single Stream,System energy (J) per stream*,Open - Power,ResNet,,NVIDIA Carmel (ARMv8.2),TFLite v2.5.0 (ruy),Edge,v1.1,1,open,Open,True,,ResNet,edge,0.184615676,0.184615676
1.1-344,Krai,Available Cloud,NVIDIA Jetson AGX Xavier,, ,Inference,ResNet,Offline,samples/s,Open - Power,ResNet,,NVIDIA Carmel (ARMv8.2),TFLite v2.5.0 (ruy),Edge,v1.1,1,open,Open,True,,ResNet,edge,292.945,292.945
1.1-327,Krai,Available Cloud,NVIDIA Jetson AGX Xavier,, ,Inference,ResNet,Offline,samples/s,Open - Power,ResNet,,NVIDIA Carmel (ARMv8.2),TFLite v2.5.0 (ruy),Edge,v1.1,1,open,Open,True,,ResNet,edge,68.1967,68.1967
1.1-355,Krai,Available Cloud,NVIDIA Jetson AGX Xavier,, ,Inference,ResNet,Offline,samples/s,Open - Power,ResNet,,NVIDIA Carmel (ARMv8.2),TFLite v2.5.0 (ruy),Edge,v1.1,1,open,Open,True,,ResNet,edge,151.332,151.332
1.1-420,Krai,Available Cloud,NVIDIA Jetson AGX Xavier,, ,Inference,ResNet,Single Stream,latency (ms),Open - Power,ResNet,,NVIDIA Carmel (ARMv8.2),TFLite v2.5.0 (ruy),Edge,v1.1,1,open,Open,True,,ResNet,edge,7.167834,7.167834
1.1-371,Krai,Available Cloud,NVIDIA Jetson AGX Xavier,, ,Inference,ResNet,Single Stream,latency (ms),Open - Power,ResNet,,NVIDIA Carmel (ARMv8.2),TFLite v2.5.0 (ruy),Edge,v1.1,1,open,Open,True,,ResNet,edge,4.418372,4.418372
1.1-364,Krai,Available Cloud,NVIDIA Jetson AGX Xavier,, ,Inference,ResNet,Offline,samples/s,Open - Power,ResNet,,NVIDIA Carmel (ARMv8.2),TFLite v2.5.0 (ruy),Edge,v1.1,1,open,Open,True,,ResNet,edge,96.7336,96.7336
1.1-361,Krai,Available Cloud,NVIDIA Jetson AGX Xavier,, ,Inference,ResNet,Offline,System Watts,Open - Power,ResNet,,NVIDIA Carmel (ARMv8.2),TFLite v2.5.0 (ruy),Edge,v1.1,1,open,Open,True,,ResNet,edge,26.6648,26.6648
1.1-391,Krai,Available Cloud,NVIDIA Jetson AGX Xavier,, ,Inference,ResNet,Offline,samples/s,Open - Power,ResNet,,NVIDIA Carmel (ARMv8.2),TFLite v2.5.0 (ruy),Edge,v1.1,1,open,Open,True,,ResNet,edge,159.822,159.822
1.1-354,Krai,Available Cloud,NVIDIA Jetson AGX Xavier,, ,Inference,ResNet,Single Stream,System energy (J) per stream*,Open - Power,ResNet,,NVIDIA Carmel (ARMv8.2),TFLite v2.5.0 (ruy),Edge,v1.1,1,open,Open,True,,ResNet,edge,0.102047186,0.102047186
1.1-385,Krai,Available Cloud,NVIDIA Jetson AGX Xavier,, ,Inference,ResNet,Offline,samples/s,Open - Power,ResNet,,NVIDIA Carmel (ARMv8.2),TFLite v2.5.0 (ruy),Edge,v1.1,1,open,Open,True,,ResNet,edge,159.543,159.543
1.1-345,Krai,Available Cloud,NVIDIA Jetson AGX Xavier,, ,Inference,ResNet,Offline,System Watts,Open - Power,ResNet,,NVIDIA Carmel (ARMv8.2),TFLite v2.5.0 (ruy),Edge,v1.1,1,open,Open,True,,ResNet,edge,23.64076667,23.64076667
1.1-352,Krai,Available Cloud,NVIDIA Jetson AGX Xavier,, ,Inference,ResNet,Offline,samples/s,Open - Power,ResNet,,NVIDIA Carmel (ARMv8.2),TFLite v2.5.0 (ruy),Edge,v1.1,1,open,Open,True,,ResNet,edge,155.415,155.415
1.1-377,Krai,Available Cloud,NVIDIA Jetson AGX Xavier,, ,Inference,ResNet,Single Stream,System energy (J) per stream*,Open - Power,ResNet,,NVIDIA Carmel (ARMv8.2),TFLite v2.5.0 (ruy),Edge,v1.1,1,open,Open,True,,ResNet,edge,0.043084080,0.043084080
1.1-339,Krai,Available Cloud,NVIDIA Jetson AGX Xavier,, ,Inference,ResNet,Single Stream,System energy (J) per stream*,Open - Power,ResNet,,NVIDIA Carmel (ARMv8.2),TFLite v2.5.0 (ruy),Edge,v1.1,1,open,Open,True,,ResNet,edge,0.046562149,0.046562149
1.1-383,Krai,Available Cloud,NVIDIA Jetson AGX Xavier,, ,Inference,ResNet,Single Stream,System energy (J) per stream*,Open - Power,ResNet,,NVIDIA Carmel (ARMv8.2),TFLite v2.5.0 (ruy),Edge,v1.1,1,open,Open,True,,ResNet,edge,0.131435577,0.131435577
1.1-359,Krai,Available Cloud,NVIDIA Jetson AGX Xavier,, ,Inference,ResNet,Single Stream,System energy (J) per stream*,Open - Power,ResNet,,NVIDIA Carmel (ARMv8.2),TFLite v2.5.0 (ruy),Edge,v1.1,1,open,Open,True,,ResNet,edge,0.252547990,0.252547990
1.1-379,Krai,Available Cloud,NVIDIA Jetson AGX Xavier,, ,Inference,ResNet,Single Stream,System energy (J) per stream*,Open - Power,ResNet,,NVIDIA Carmel (ARMv8.2),TFLite v2.5.0 (ruy),Edge,v1.1,1,open,Open,True,,ResNet,edge,0.067176672,0.067176672
1.1-400,Krai,Available Cloud,NVIDIA Jetson AGX Xavier,, ,Inference,ResNet,Single Stream,latency (ms),Open - Power,ResNet,,NVIDIA Carmel (ARMv8.2),TFLite v2.5.0 (ruy),Edge,v1.1,1,open,Open,True,,ResNet,edge,9.581751,9.581751
1.1-371,Krai,Available Cloud,NVIDIA Jetson AGX Xavier,, ,Inference,ResNet,Offline,System Watts,Open - Power,ResNet,,NVIDIA Carmel (ARMv8.2),TFLite v2.5.0 (ruy),Edge,v1.1,1,open,Open,True,,ResNet,edge,22.857075,22.857075
1.1-389,Krai,Available Cloud,NVIDIA Jetson AGX Xavier,, ,Inference,ResNet,Single Stream,System energy (J) per stream*,Open - Power,ResNet,,NVIDIA Carmel (ARMv8.2),TFLite v2.5.0 (ruy),Edge,v1.1,1,open,Open,True,,ResNet,edge,0.102041192,0.102041192
1.1-386,Krai,Available Cloud,NVIDIA Jetson AGX Xavier,, ,Inference,ResNet,Single Stream,latency (ms),Open - Power,ResNet,,NVIDIA Carmel (ARMv8.2),TFLite v2.5.0 (ruy),Edge,v1.1,1,open,Open,True,,ResNet,edge,9.910143,9.910143
1.1-334,Krai,Available Cloud,NVIDIA Jetson AGX Xavier,, ,Inference,ResNet,Single Stream,System energy (J) per stream*,Open - Power,ResNet,,NVIDIA Carmel (ARMv8.2),TFLite v2.5.0 (ruy),Edge,v1.1,1,open,Open,True,,ResNet,edge,1.046368892,1.046368892
1.1-382,Krai,Available Cloud,NVIDIA Jetson AGX Xavier,, ,Inference,ResNet,Single Stream,System energy (J) per stream*,Open - Power,ResNet,,NVIDIA Carmel (ARMv8.2),TFLite v2.5.0 (ruy),Edge,v1.1,1,open,Open,True,,ResNet,edge,0.104371039,0.104371039
1.1-328,Krai,Available Cloud,NVIDIA Jetson AGX Xavier,, ,Inference,ResNet,Offline,System Watts,Open - Power,ResNet,,NVIDIA Carmel (ARMv8.2),TFLite v2.5.0 (ruy),Edge,v1.1,1,open,Open,True,,ResNet,edge,20.895965,20.895965
1.1-328,Krai,Available Cloud,NVIDIA Jetson AGX Xavier,, ,Inference,ResNet,Single Stream,latency (ms),Open - Power,ResNet,,NVIDIA Carmel (ARMv8.2),TFLite v2.5.0 (ruy),Edge,v1.1,1,open,Open,True,,ResNet,edge,22.814981,22.814981
1.1-356,Krai,Available Cloud,NVIDIA Jetson AGX Xavier,, ,Inference,ResNet,Single Stream,System energy (J) per stream*,Open - Power,ResNet,,NVIDIA Carmel (ARMv8.2),TFLite v2.5.0 (ruy),Edge,v1.1,1,open,Open,True,,ResNet,edge,0.141515970,0.141515970
1.1-398,Krai,Available Cloud,NVIDIA Jetson AGX Xavier,, ,Inference,ResNet,Offline,samples/s,Open - Power,ResNet,,NVIDIA Carmel (ARMv8.2),TFLite v2.5.0 (ruy),Edge,v1.1,1,open,Open,True,,ResNet,edge,237.151,237.151
1.1-409,Krai,Available Cloud,NVIDIA Jetson AGX Xavier,, ,Inference,ResNet,Offline,samples/s,Open - Power,ResNet,,NVIDIA Carmel (ARMv8.2),TFLite v2.5.0 (ruy),Edge,v1.1,1,open,Open,True,,ResNet,edge,55.3279,55.3279
1.1-335,Krai,Available Cloud,NVIDIA Jetson AGX Xavier,, ,Inference,ResNet,Offline,System Watts,Open - Power,ResNet,,NVIDIA Carmel (ARMv8.2),TFLite v2.5.0 (ruy),Edge,v1.1,1,open,Open,True,,ResNet,edge,27.74895175,27.74895175
1.1-406,Krai,Available Cloud,NVIDIA Jetson AGX Xavier,, ,Inference,ResNet,Single Stream,latency (ms),Open - Power,ResNet,,NVIDIA Carmel (ARMv8.2),TFLite v2.5.0 (ruy),Edge,v1.1,1,open,Open,True,,ResNet,edge,21.286241,21.286241
1.1-335,Krai,Available Cloud,NVIDIA Jetson AGX Xavier,, ,Inference,ResNet,Single Stream,latency (ms),Open - Power,ResNet,,NVIDIA Carmel (ARMv8.2),TFLite v2.5.0 (ruy),Edge,v1.1,1,open,Open,True,,ResNet,edge,76.286615,76.286615
1.1-387,Krai,Available Cloud,NVIDIA Jetson AGX Xavier,, ,Inference,ResNet,Offline,System Watts,Open - Power,ResNet,,NVIDIA Carmel (ARMv8.2),TFLite v2.5.0 (ruy),Edge,v1.1,1,open,Open,True,,ResNet,edge,22.86214833,22.86214833
1.1-402,Krai,Available Cloud,NVIDIA Jetson AGX Xavier,, ,Inference,ResNet,Single Stream,System energy (J) per stream*,Open - Power,ResNet,,NVIDIA Carmel (ARMv8.2),TFLite v2.5.0 (ruy),Edge,v1.1,1,open,Open,True,,ResNet,edge,0.192248658,0.192248658
1.1-359,Krai,Available Cloud,NVIDIA Jetson AGX Xavier,, ,Inference,ResNet,Offline,samples/s,Open - Power,ResNet,,NVIDIA Carmel (ARMv8.2),TFLite v2.5.0 (ruy),Edge,v1.1,1,open,Open,True,,ResNet,edge,101.886,101.886
1.1-399,Krai,Available Cloud,NVIDIA Jetson AGX Xavier,, ,Inference,ResNet,Single Stream,System energy (J) per stream*,Open - Power,ResNet,,NVIDIA Carmel (ARMv8.2),TFLite v2.5.0 (ruy),Edge,v1.1,1,open,Open,True,,ResNet,edge,0.124924994,0.124924994
1.1-337,Krai,Available Cloud,NVIDIA Jetson AGX Xavier,, ,Inference,ResNet,Offline,System Watts,Open - Power,ResNet,,NVIDIA Carmel (ARMv8.2),TFLite v2.5.0 (ruy),Edge,v1.1,1,open,Open,True,,ResNet,edge,21.86705167,21.86705167
1.1-381,Krai,Available Cloud,NVIDIA Jetson AGX Xavier,, ,Inference,ResNet,Single Stream,System energy (J) per stream*,Open - Power,ResNet,,NVIDIA Carmel (ARMv8.2),TFLite v2.5.0 (ruy),Edge,v1.1,1,open,Open,True,,ResNet,edge,0.093459284,0.093459284
1.1-374,Krai,Available Cloud,NVIDIA Jetson AGX Xavier,, ,Inference,ResNet,Offline,System Watts,Open - Power,ResNet,,NVIDIA Carmel (ARMv8.2),TFLite v2.5.0 (ruy),Edge,v1.1,1,open,Open,True,,ResNet,edge,19.98258667,19.98258667
1.1-357,Krai,Available Cloud,NVIDIA Jetson AGX Xavier,, ,Inference,ResNet,Offline,System Watts,Open - Power,ResNet,,NVIDIA Carmel (ARMv8.2),TFLite v2.5.0 (ruy),Edge,v1.1,1,open,Open,True,,ResNet,edge,25.90718333,25.90718333
1.1-346,Krai,Available Cloud,NVIDIA Jetson AGX Xavier,, ,Inference,ResNet,Offline,samples/s,Open - Power,ResNet,,NVIDIA Carmel (ARMv8.2),TFLite v2.5.0 (ruy),Edge,v1.1,1,open,Open,True,,ResNet,edge,327.403,327.403
1.1-366,Krai,Available Cloud,NVIDIA Jetson AGX Xavier,, ,Inference,ResNet,Offline,samples/s,Open - Power,ResNet,,NVIDIA Carmel (ARMv8.2),TFLite v2.5.0 (ruy),Edge,v1.1,1,open,Open,True,,ResNet,edge,79.1184,79.1184
1.1-338,Krai,Available Cloud,NVIDIA Jetson AGX Xavier,, ,Inference,ResNet,Single Stream,System energy (J) per stream*,Open - Power,ResNet,,NVIDIA Carmel (ARMv8.2),TFLite v2.5.0 (ruy),Edge,v1.1,1,open,Open,True,,ResNet,edge,0.035924074,0.035924074
1.1-365,Krai,Available Cloud,NVIDIA Jetson AGX Xavier,, ,Inference,ResNet,Single Stream,latency (ms),Open - Power,ResNet,,NVIDIA Carmel (ARMv8.2),TFLite v2.5.0 (ruy),Edge,v1.1,1,open,Open,True,,ResNet,edge,15.845086,15.845086
1.1-362,Krai,Available Cloud,NVIDIA Jetson AGX Xavier,, ,Inference,ResNet,Single Stream,System energy (J) per stream*,Open - Power,ResNet,,NVIDIA Carmel (ARMv8.2),TFLite v2.5.0 (ruy),Edge,v1.1,1,open,Open,True,,ResNet,edge,0.155659163,0.155659163
1.1-344,Krai,Available Cloud,NVIDIA Jetson AGX Xavier,, ,Inference,ResNet,Offline,System Watts,Open - Power,ResNet,,NVIDIA Carmel (ARMv8.2),TFLite v2.5.0 (ruy),Edge,v1.1,1,open,Open,True,,ResNet,edge,20.15960333,20.15960333
1.1-371,Krai,Available Cloud,NVIDIA Jetson AGX Xavier,, ,Inference,ResNet,Offline,samples/s,Open - Power,ResNet,,NVIDIA Carmel (ARMv8.2),TFLite v2.5.0 (ruy),Edge,v1.1,1,open,Open,True,,ResNet,edge,298.155,298.155
1.1-406,Krai,Available Cloud,NVIDIA Jetson AGX Xavier,, ,Inference,ResNet,Offline,System Watts,Open - Power,ResNet,,NVIDIA Carmel (ARMv8.2),TFLite v2.5.0 (ruy),Edge,v1.1,1,open,Open,True,,ResNet,edge,19.97022833,19.97022833
1.1-383,Krai,Available Cloud,NVIDIA Jetson AGX Xavier,, ,Inference,ResNet,Offline,System Watts,Open - Power,ResNet,,NVIDIA Carmel (ARMv8.2),TFLite v2.5.0 (ruy),Edge,v1.1,1,open,Open,True,,ResNet,edge,23.11268333,23.11268333
1.1-353,Krai,Available Cloud,NVIDIA Jetson AGX Xavier,, ,Inference,ResNet,Single Stream,System energy (J) per stream*,Open - Power,ResNet,,NVIDIA Carmel (ARMv8.2),TFLite v2.5.0 (ruy),Edge,v1.1,1,open,Open,True,,ResNet,edge,0.108516258,0.108516258
1.1-373,Krai,Available Cloud,NVIDIA Jetson AGX Xavier,, ,Inference,ResNet,Single Stream,latency (ms),Open - Power,ResNet,,NVIDIA Carmel (ARMv8.2),TFLite v2.5.0 (ruy),Edge,v1.1,1,open,Open,True,,ResNet,edge,5.387489,5.387489
1.1-342,Krai,Available Cloud,NVIDIA Jetson AGX Xavier,, ,Inference,ResNet,Single Stream,latency (ms),Open - Power,ResNet,,NVIDIA Carmel (ARMv8.2),TFLite v2.5.0 (ruy),Edge,v1.1,1,open,Open,True,,ResNet,edge,3.689949,3.689949
1.1-374,Krai,Available Cloud,NVIDIA Jetson AGX Xavier,, ,Inference,ResNet,Single Stream,System energy (J) per stream*,Open - Power,ResNet,,NVIDIA Carmel (ARMv8.2),TFLite v2.5.0 (ruy),Edge,v1.1,1,open,Open,True,,ResNet,edge,0.103594689,0.103594689
1.1-333,Krai,Available Cloud,NVIDIA Jetson AGX Xavier,, ,Inference,ResNet,Single Stream,latency (ms),Open - Power,ResNet,,NVIDIA Carmel (ARMv8.2),TFLite v2.5.0 (ruy),Edge,v1.1,1,open,Open,True,,ResNet,edge,47.93922,47.93922
1.1-367,Krai,Available Cloud,NVIDIA Jetson AGX Xavier,, ,Inference,ResNet,Single Stream,latency (ms),Open - Power,ResNet,,NVIDIA Carmel (ARMv8.2),TFLite v2.5.0 (ruy),Edge,v1.1,1,open,Open,True,,ResNet,edge,19.040756,19.040756
1.1-369,Krai,Available Cloud,NVIDIA Jetson AGX Xavier,, ,Inference,ResNet,Single Stream,System energy (J) per stream*,Open - Power,ResNet,,NVIDIA Carmel (ARMv8.2),TFLite v2.5.0 (ruy),Edge,v1.1,1,open,Open,True,,ResNet,edge,0.059117291,0.059117291
1.1-385,Krai,Available Cloud,NVIDIA Jetson AGX Xavier,, ,Inference,ResNet,Single Stream,System energy (J) per stream*,Open - Power,ResNet,,NVIDIA Carmel (ARMv8.2),TFLite v2.5.0 (ruy),Edge,v1.1,1,open,Open,True,,ResNet,edge,0.150905905,0.150905905
1.1-343,Krai,Available Cloud,NVIDIA Jetson AGX Xavier,, ,Inference,ResNet,Single Stream,System energy (J) per stream*,Open - Power,ResNet,,NVIDIA Carmel (ARMv8.2),TFLite v2.5.0 (ruy),Edge,v1.1,1,open,Open,True,,ResNet,edge,0.080867962,0.080867962
1.1-372,Krai,Available Cloud,NVIDIA Jetson AGX Xavier,, ,Inference,ResNet,Offline,System Watts,Open - Power,ResNet,,NVIDIA Carmel (ARMv8.2),TFLite v2.5.0 (ruy),Edge,v1.1,1,open,Open,True,,ResNet,edge,19.93776,19.93776
1.1-366,Krai,Available Cloud,NVIDIA Jetson AGX Xavier,, ,Inference,ResNet,Offline,System Watts,Open - Power,ResNet,,NVIDIA Carmel (ARMv8.2),TFLite v2.5.0 (ruy),Edge,v1.1,1,open,Open,True,,ResNet,edge,20.65634167,20.65634167
1.1-413,Krai,Available Cloud,NVIDIA Jetson AGX Xavier,, ,Inference,ResNet,Single Stream,System energy (J) per stream*,Open - Power,ResNet,,NVIDIA Carmel (ARMv8.2),TFLite v2.5.0 (ruy),Edge,v1.1,1,open,Open,True,,ResNet,edge,0.227784405,0.227784405
1.1-385,Krai,Available Cloud,NVIDIA Jetson AGX Xavier,, ,Inference,ResNet,Single Stream,latency (ms),Open - Power,ResNet,,NVIDIA Carmel (ARMv8.2),TFLite v2.5.0 (ruy),Edge,v1.1,1,open,Open,True,,ResNet,edge,7.659301,7.659301
1.1-377,Krai,Available Cloud,NVIDIA Jetson AGX Xavier,, ,Inference,ResNet,Single Stream,latency (ms),Open - Power,ResNet,,NVIDIA Carmel (ARMv8.2),TFLite v2.5.0 (ruy),Edge,v1.1,1,open,Open,True,,ResNet,edge,2.650712,2.650712
1.1-373,Krai,Available Cloud,NVIDIA Jetson AGX Xavier,, ,Inference,ResNet,Single Stream,System energy (J) per stream*,Open - Power,ResNet,,NVIDIA Carmel (ARMv8.2),TFLite v2.5.0 (ruy),Edge,v1.1,1,open,Open,True,,ResNet,edge,0.099207121,0.099207121
1.1-363,Krai,Available Cloud,NVIDIA Jetson AGX Xavier,, ,Inference,ResNet,Single Stream,System energy (J) per stream*,Open - Power,ResNet,,NVIDIA Carmel (ARMv8.2),TFLite v2.5.0 (ruy),Edge,v1.1,1,open,Open,True,,ResNet,edge,0.215159829,0.215159829
1.1-368,Krai,Available Cloud,NVIDIA Jetson AGX Xavier,, ,Inference,ResNet,Single Stream,System energy (J) per stream*,Open - Power,ResNet,,NVIDIA Carmel (ARMv8.2),TFLite v2.5.0 (ruy),Edge,v1.1,1,open,Open,True,,ResNet,edge,0.349767710,0.349767710
1.1-361,Krai,Available Cloud,NVIDIA Jetson AGX Xavier,, ,Inference,ResNet,Single Stream,System energy (J) per stream*,Open - Power,ResNet,,NVIDIA Carmel (ARMv8.2),TFLite v2.5.0 (ruy),Edge,v1.1,1,open,Open,True,,ResNet,edge,0.141672777,0.141672777
1.1-416,Krai,Available Cloud,NVIDIA Jetson AGX Xavier,, ,Inference,ResNet,Single Stream,latency (ms),Open - Power,ResNet,,NVIDIA Carmel (ARMv8.2),TFLite v2.5.0 (ruy),Edge,v1.1,1,open,Open,True,,ResNet,edge,18.922679,18.922679
1.1-360,Krai,Available Cloud,NVIDIA Jetson AGX Xavier,, ,Inference,ResNet,Offline,samples/s,Open - Power,ResNet,,NVIDIA Carmel (ARMv8.2),TFLite v2.5.0 (ruy),Edge,v1.1,1,open,Open,True,,ResNet,edge,89.071,89.071
1.1-390,Krai,Available Cloud,NVIDIA Jetson AGX Xavier,, ,Inference,ResNet,Single Stream,latency (ms),Open - Power,ResNet,,NVIDIA Carmel (ARMv8.2),TFLite v2.5.0 (ruy),Edge,v1.1,1,open,Open,True,,ResNet,edge,7.258691,7.258691
1.1-415,Krai,Available Cloud,NVIDIA Jetson AGX Xavier,, ,Inference,ResNet,Offline,samples/s,Open - Power,ResNet,,NVIDIA Carmel (ARMv8.2),TFLite v2.5.0 (ruy),Edge,v1.1,1,open,Open,True,,ResNet,edge,83.4382,83.4382
1.1-378,Krai,Available Cloud,NVIDIA Jetson AGX Xavier,, ,Inference,ResNet,Single Stream,latency (ms),Open - Power,ResNet,,NVIDIA Carmel (ARMv8.2),TFLite v2.5.0 (ruy),Edge,v1.1,1,open,Open,True,,ResNet,edge,2.998265,2.998265
1.1-388,Krai,Available Cloud,NVIDIA Jetson AGX Xavier,, ,Inference,ResNet,Single Stream,latency (ms),Open - Power,ResNet,,NVIDIA Carmel (ARMv8.2),TFLite v2.5.0 (ruy),Edge,v1.1,1,open,Open,True,,ResNet,edge,3.881941,3.881941
1.1-365,Krai,Available Cloud,NVIDIA Jetson AGX Xavier,, ,Inference,ResNet,Single Stream,System energy (J) per stream*,Open - Power,ResNet,,NVIDIA Carmel (ARMv8.2),TFLite v2.5.0 (ruy),Edge,v1.1,1,open,Open,True,,ResNet,edge,0.328103742,0.328103742
1.1-380,Krai,Available Cloud,NVIDIA Jetson AGX Xavier,, ,Inference,ResNet,Single Stream,System energy (J) per stream*,Open - Power,ResNet,,NVIDIA Carmel (ARMv8.2),TFLite v2.5.0 (ruy),Edge,v1.1,1,open,Open,True,,ResNet,edge,0.074464262,0.074464262
1.1-367,Krai,Available Cloud,NVIDIA Jetson AGX Xavier,, ,Inference,ResNet,Single Stream,System energy (J) per stream*,Open - Power,ResNet,,NVIDIA Carmel (ARMv8.2),TFLite v2.5.0 (ruy),Edge,v1.1,1,open,Open,True,,ResNet,edge,0.401738863,0.401738863
1.1-385,Krai,Available Cloud,NVIDIA Jetson AGX Xavier,, ,Inference,ResNet,Offline,System Watts,Open - Power,ResNet,,NVIDIA Carmel (ARMv8.2),TFLite v2.5.0 (ruy),Edge,v1.1,1,open,Open,True,,ResNet,edge,24.01531667,24.01531667
1.1-379,Krai,Available Cloud,NVIDIA Jetson AGX Xavier,, ,Inference,ResNet,Single Stream,latency (ms),Open - Power,ResNet,,NVIDIA Carmel (ARMv8.2),TFLite v2.5.0 (ruy),Edge,v1.1,1,open,Open,True,,ResNet,edge,3.98845,3.98845
1.1-392,Krai,Available Cloud,NVIDIA Jetson AGX Xavier,, ,Inference,ResNet,Single Stream,latency (ms),Open - Power,ResNet,,NVIDIA Carmel (ARMv8.2),TFLite v2.5.0 (ruy),Edge,v1.1,1,open,Open,True,,ResNet,edge,10.261327,10.261327
1.1-402,Krai,Available Cloud,NVIDIA Jetson AGX Xavier,, ,Inference,ResNet,Single Stream,latency (ms),Open - Power,ResNet,,NVIDIA Carmel (ARMv8.2),TFLite v2.5.0 (ruy),Edge,v1.1,1,open,Open,True,,ResNet,edge,13.853309,13.853309
1.1-354,Krai,Available Cloud,NVIDIA Jetson AGX Xavier,, ,Inference,ResNet,Offline,samples/s,Open - Power,ResNet,,NVIDIA Carmel (ARMv8.2),TFLite v2.5.0 (ruy),Edge,v1.1,1,open,Open,True,,ResNet,edge,197.689,197.689
1.1-399,Krai,Available Cloud,NVIDIA Jetson AGX Xavier,, ,Inference,ResNet,Offline,samples/s,Open - Power,ResNet,,NVIDIA Carmel (ARMv8.2),TFLite v2.5.0 (ruy),Edge,v1.1,1,open,Open,True,,ResNet,edge,197.22,197.22
1.1-366,Krai,Available Cloud,NVIDIA Jetson AGX Xavier,, ,Inference,ResNet,Single Stream,latency (ms),Open - Power,ResNet,,NVIDIA Carmel (ARMv8.2),TFLite v2.5.0 (ruy),Edge,v1.1,1,open,Open,True,,ResNet,edge,14.007817,14.007817
1.1-378,Krai,Available Cloud,NVIDIA Jetson AGX Xavier,, ,Inference,ResNet,Single Stream,System energy (J) per stream*,Open - Power,ResNet,,NVIDIA Carmel (ARMv8.2),TFLite v2.5.0 (ruy),Edge,v1.1,1,open,Open,True,,ResNet,edge,0.044879602,0.044879602
1.1-348,Krai,Available Cloud,NVIDIA Jetson AGX Xavier,, ,Inference,ResNet,Offline,System Watts,Open - Power,ResNet,,NVIDIA Carmel (ARMv8.2),TFLite v2.5.0 (ruy),Edge,v1.1,1,open,Open,True,,ResNet,edge,20.11653,20.11653
1.1-409,Krai,Available Cloud,NVIDIA Jetson AGX Xavier,, ,Inference,ResNet,Single Stream,latency (ms),Open - Power,ResNet,,NVIDIA Carmel (ARMv8.2),TFLite v2.5.0 (ruy),Edge,v1.1,1,open,Open,True,,ResNet,edge,22.841394,22.841394
1.1-389,Krai,Available Cloud,NVIDIA Jetson AGX Xavier,, ,Inference,ResNet,Offline,samples/s,Open - Power,ResNet,,NVIDIA Carmel (ARMv8.2),TFLite v2.5.0 (ruy),Edge,v1.1,1,open,Open,True,,ResNet,edge,233.771,233.771
1.1-352,Krai,Available Cloud,NVIDIA Jetson AGX Xavier,, ,Inference,ResNet,Offline,System Watts,Open - Power,ResNet,,NVIDIA Carmel (ARMv8.2),TFLite v2.5.0 (ruy),Edge,v1.1,1,open,Open,True,,ResNet,edge,20.39778167,20.39778167
1.1-358,Krai,Available Cloud,NVIDIA Jetson AGX Xavier,, ,Inference,ResNet,Offline,samples/s,Open - Power,ResNet,,NVIDIA Carmel (ARMv8.2),TFLite v2.5.0 (ruy),Edge,v1.1,1,open,Open,True,,ResNet,edge,111.703,111.703
1.1-411,Krai,Available Cloud,NVIDIA Jetson AGX Xavier,, ,Inference,ResNet,Offline,samples/s,Open - Power,ResNet,,NVIDIA Carmel (ARMv8.2),TFLite v2.5.0 (ruy),Edge,v1.1,1,open,Open,True,,ResNet,edge,41.7721,41.7721
1.1-342,Krai,Available Cloud,NVIDIA Jetson AGX Xavier,, ,Inference,ResNet,Offline,System Watts,Open - Power,ResNet,,NVIDIA Carmel (ARMv8.2),TFLite v2.5.0 (ruy),Edge,v1.1,1,open,Open,True,,ResNet,edge,20.11828667,20.11828667
1.1-352,Krai,Available Cloud,NVIDIA Jetson AGX Xavier,, ,Inference,ResNet,Single Stream,latency (ms),Open - Power,ResNet,,NVIDIA Carmel (ARMv8.2),TFLite v2.5.0 (ruy),Edge,v1.1,1,open,Open,True,,ResNet,edge,8.67944,8.67944
1.1-395,Krai,Available Cloud,NVIDIA Jetson AGX Xavier,, ,Inference,ResNet,Offline,System Watts,Open - Power,ResNet,,NVIDIA Carmel (ARMv8.2),TFLite v2.5.0 (ruy),Edge,v1.1,1,open,Open,True,,ResNet,edge,24.7951,24.7951
1.1-362,Krai,Available Cloud,NVIDIA Jetson AGX Xavier,, ,Inference,ResNet,Single Stream,latency (ms),Open - Power,ResNet,,NVIDIA Carmel (ARMv8.2),TFLite v2.5.0 (ruy),Edge,v1.1,1,open,Open,True,,ResNet,edge,9.184729,9.184729
1.1-405,Krai,Available Cloud,NVIDIA Jetson AGX Xavier,, ,Inference,ResNet,Offline,System Watts,Open - Power,ResNet,,NVIDIA Carmel (ARMv8.2),TFLite v2.5.0 (ruy),Edge,v1.1,1,open,Open,True,,ResNet,edge,25.58968333,25.58968333
1.1-416,Krai,Available Cloud,NVIDIA Jetson AGX Xavier,, ,Inference,ResNet,Offline,System Watts,Open - Power,ResNet,,NVIDIA Carmel (ARMv8.2),TFLite v2.5.0 (ruy),Edge,v1.1,1,open,Open,True,,ResNet,edge,20.69850333,20.69850333
1.1-407,Krai,Available Cloud,NVIDIA Jetson AGX Xavier,, ,Inference,ResNet,Single Stream,System energy (J) per stream*,Open - Power,ResNet,,NVIDIA Carmel (ARMv8.2),TFLite v2.5.0 (ruy),Edge,v1.1,1,open,Open,True,,ResNet,edge,0.102745107,0.102745107
1.1-393,Krai,Available Cloud,NVIDIA Jetson AGX Xavier,, ,Inference,ResNet,Offline,samples/s,Open - Power,ResNet,,NVIDIA Carmel (ARMv8.2),TFLite v2.5.0 (ruy),Edge,v1.1,1,open,Open,True,,ResNet,edge,123.9,123.9
1.1-392,Krai,Available Cloud,NVIDIA Jetson AGX Xavier,, ,Inference,ResNet,Offline,samples/s,Open - Power,ResNet,,NVIDIA Carmel (ARMv8.2),TFLite v2.5.0 (ruy),Edge,v1.1,1,open,Open,True,,ResNet,edge,130.999,130.999
1.1-363,Krai,Available Cloud,NVIDIA Jetson AGX Xavier,, ,Inference,ResNet,Offline,System Watts,Open - Power,ResNet,,NVIDIA Carmel (ARMv8.2),TFLite v2.5.0 (ruy),Edge,v1.1,1,open,Open,True,,ResNet,edge,26.34933333,26.34933333
1.1-420,Krai,Available Cloud,NVIDIA Jetson AGX Xavier,, ,Inference,ResNet,Single Stream,System energy (J) per stream*,Open - Power,ResNet,,NVIDIA Carmel (ARMv8.2),TFLite v2.5.0 (ruy),Edge,v1.1,1,open,Open,True,,ResNet,edge,0.117562172,0.117562172
1.1-414,Krai,Available Cloud,NVIDIA Jetson AGX Xavier,, ,Inference,ResNet,Offline,System Watts,Open - Power,ResNet,,NVIDIA Carmel (ARMv8.2),TFLite v2.5.0 (ruy),Edge,v1.1,1,open,Open,True,,ResNet,edge,24.8695,24.8695
1.1-372,Krai,Available Cloud,NVIDIA Jetson AGX Xavier,, ,Inference,ResNet,Offline,samples/s,Open - Power,ResNet,,NVIDIA Carmel (ARMv8.2),TFLite v2.5.0 (ruy),Edge,v1.1,1,open,Open,True,,ResNet,edge,244.181,244.181
1.1-331,Krai,Available Cloud,NVIDIA Jetson AGX Xavier,, ,Inference,ResNet,Single Stream,System energy (J) per stream*,Open - Power,ResNet,,NVIDIA Carmel (ARMv8.2),TFLite v2.5.0 (ruy),Edge,v1.1,1,open,Open,True,,ResNet,edge,0.666459757,0.666459757
1.1-382,Krai,Available Cloud,NVIDIA Jetson AGX Xavier,, ,Inference,ResNet,Offline,System Watts,Open - Power,ResNet,,NVIDIA Carmel (ARMv8.2),TFLite v2.5.0 (ruy),Edge,v1.1,1,open,Open,True,,ResNet,edge,19.70921833,19.70921833
1.1-372,Krai,Available Cloud,NVIDIA Jetson AGX Xavier,, ,Inference,ResNet,Single Stream,System energy (J) per stream*,Open - Power,ResNet,,NVIDIA Carmel (ARMv8.2),TFLite v2.5.0 (ruy),Edge,v1.1,1,open,Open,True,,ResNet,edge,0.081772455,0.081772455
1.1-378,Krai,Available Cloud,NVIDIA Jetson AGX Xavier,, ,Inference,ResNet,Offline,System Watts,Open - Power,ResNet,,NVIDIA Carmel (ARMv8.2),TFLite v2.5.0 (ruy),Edge,v1.1,1,open,Open,True,,ResNet,edge,19.81896667,19.81896667
1.1-339,Krai,Available Cloud,NVIDIA Jetson AGX Xavier,, ,Inference,ResNet,Single Stream,latency (ms),Open - Power,ResNet,,NVIDIA Carmel (ARMv8.2),TFLite v2.5.0 (ruy),Edge,v1.1,1,open,Open,True,,ResNet,edge,2.594904,2.594904
1.1-387,Krai,Available Cloud,NVIDIA Jetson AGX Xavier,, ,Inference,ResNet,Offline,samples/s,Open - Power,ResNet,,NVIDIA Carmel (ARMv8.2),TFLite v2.5.0 (ruy),Edge,v1.1,1,open,Open,True,,ResNet,edge,432.608,432.608
1.1-356,Krai,Available Cloud,NVIDIA Jetson AGX Xavier,, ,Inference,ResNet,Offline,System Watts,Open - Power,ResNet,,NVIDIA Carmel (ARMv8.2),TFLite v2.5.0 (ruy),Edge,v1.1,1,open,Open,True,,ResNet,edge,20.28249333,20.28249333
1.1-356,Krai,Available Cloud,NVIDIA Jetson AGX Xavier,, ,Inference,ResNet,Single Stream,latency (ms),Open - Power,ResNet,,NVIDIA Carmel (ARMv8.2),TFLite v2.5.0 (ruy),Edge,v1.1,1,open,Open,True,,ResNet,edge,8.373174,8.373174
1.1-400,Krai,Available Cloud,NVIDIA Jetson AGX Xavier,, ,Inference,ResNet,Offline,samples/s,Open - Power,ResNet,,NVIDIA Carmel (ARMv8.2),TFLite v2.5.0 (ruy),Edge,v1.1,1,open,Open,True,,ResNet,edge,138.416,138.416
1.1-364,Krai,Available Cloud,NVIDIA Jetson AGX Xavier,, ,Inference,ResNet,Single Stream,latency (ms),Open - Power,ResNet,,NVIDIA Carmel (ARMv8.2),TFLite v2.5.0 (ruy),Edge,v1.1,1,open,Open,True,,ResNet,edge,11.938267,11.938267
1.1-388,Krai,Available Cloud,NVIDIA Jetson AGX Xavier,, ,Inference,ResNet,Offline,System Watts,Open - Power,ResNet,,NVIDIA Carmel (ARMv8.2),TFLite v2.5.0 (ruy),Edge,v1.1,1,open,Open,True,,ResNet,edge,20.140895,20.140895
1.1-358,Krai,Available Cloud,NVIDIA Jetson AGX Xavier,, ,Inference,ResNet,Single Stream,System energy (J) per stream*,Open - Power,ResNet,,NVIDIA Carmel (ARMv8.2),TFLite v2.5.0 (ruy),Edge,v1.1,1,open,Open,True,,ResNet,edge,0.183058872,0.183058872
1.1-405,Krai,Available Cloud,NVIDIA Jetson AGX Xavier,, ,Inference,ResNet,Offline,samples/s,Open - Power,ResNet,,NVIDIA Carmel (ARMv8.2),TFLite v2.5.0 (ruy),Edge,v1.1,1,open,Open,True,,ResNet,edge,79.3338,79.3338
1.1-368,Krai,Available Cloud,NVIDIA Jetson AGX Xavier,, ,Inference,ResNet,Offline,System Watts,Open - Power,ResNet,,NVIDIA Carmel (ARMv8.2),TFLite v2.5.0 (ruy),Edge,v1.1,1,open,Open,True,,ResNet,edge,20.58589333,20.58589333
1.1-363,Krai,Available Cloud,NVIDIA Jetson AGX Xavier,, ,Inference,ResNet,Single Stream,latency (ms),Open - Power,ResNet,,NVIDIA Carmel (ARMv8.2),TFLite v2.5.0 (ruy),Edge,v1.1,1,open,Open,True,,ResNet,edge,10.020328,10.020328
1.1-414,Krai,Available Cloud,NVIDIA Jetson AGX Xavier,, ,Inference,ResNet,Single Stream,latency (ms),Open - Power,ResNet,,NVIDIA Carmel (ARMv8.2),TFLite v2.5.0 (ruy),Edge,v1.1,1,open,Open,True,,ResNet,edge,10.870741,10.870741
1.1-330,Krai,Available Cloud,NVIDIA Jetson AGX Xavier,, ,Inference,ResNet,Offline,System Watts,Open - Power,ResNet,,NVIDIA Carmel (ARMv8.2),TFLite v2.5.0 (ruy),Edge,v1.1,1,open,Open,True,,ResNet,edge,20.703355,20.703355
1.1-374,Krai,Available Cloud,NVIDIA Jetson AGX Xavier,, ,Inference,ResNet,Offline,samples/s,Open - Power,ResNet,,NVIDIA Carmel (ARMv8.2),TFLite v2.5.0 (ruy),Edge,v1.1,1,open,Open,True,,ResNet,edge,193.155,193.155
1.1-407,Krai,Available Cloud,NVIDIA Jetson AGX Xavier,, ,Inference,ResNet,Offline,System Watts,Open - Power,ResNet,,NVIDIA Carmel (ARMv8.2),TFLite v2.5.0 (ruy),Edge,v1.1,1,open,Open,True,,ResNet,edge,24.06711667,24.06711667
1.1-418,Krai,Available Cloud,NVIDIA Jetson AGX Xavier,, ,Inference,ResNet,Single Stream,latency (ms),Open - Power,ResNet,,NVIDIA Carmel (ARMv8.2),TFLite v2.5.0 (ruy),Edge,v1.1,1,open,Open,True,,ResNet,edge,5.62327,5.62327
1.1-330,Krai,Available Cloud,NVIDIA Jetson AGX Xavier,, ,Inference,ResNet,Single Stream,latency (ms),Open - Power,ResNet,,NVIDIA Carmel (ARMv8.2),TFLite v2.5.0 (ruy),Edge,v1.1,1,open,Open,True,,ResNet,edge,30.262782,30.262782
1.1-349,Krai,Available Cloud,NVIDIA Jetson AGX Xavier,, ,Inference,ResNet,Offline,samples/s,Open - Power,ResNet,,NVIDIA Carmel (ARMv8.2),TFLite v2.5.0 (ruy),Edge,v1.1,1,open,Open,True,,ResNet,edge,197.308,197.308
1.1-410,Krai,Available Cloud,NVIDIA Jetson AGX Xavier,, ,Inference,ResNet,Offline,System Watts,Open - Power,ResNet,,NVIDIA Carmel (ARMv8.2),TFLite v2.5.0 (ruy),Edge,v1.1,1,open,Open,True,,ResNet,edge,26.9588,26.9588
1.1-336,Krai,Available Cloud,NVIDIA Jetson AGX Xavier,, ,Inference,ResNet,Single Stream,latency (ms),Open - Power,ResNet,,NVIDIA Carmel (ARMv8.2),TFLite v2.5.0 (ruy),Edge,v1.1,1,open,Open,True,,ResNet,edge,89.772868,89.772868
1.1-415,Krai,Available Cloud,NVIDIA Jetson AGX Xavier,, ,Inference,ResNet,Single Stream,System energy (J) per stream*,Open - Power,ResNet,,NVIDIA Carmel (ARMv8.2),TFLite v2.5.0 (ruy),Edge,v1.1,1,open,Open,True,,ResNet,edge,0.301129267,0.301129267
1.1-382,Krai,Available Cloud,NVIDIA Jetson AGX Xavier,, ,Inference,ResNet,Offline,samples/s,Open - Power,ResNet,,NVIDIA Carmel (ARMv8.2),TFLite v2.5.0 (ruy),Edge,v1.1,1,open,Open,True,,ResNet,edge,189.125,189.125
1.1-344,Krai,Available Cloud,NVIDIA Jetson AGX Xavier,, ,Inference,ResNet,Single Stream,System energy (J) per stream*,Open - Power,ResNet,,NVIDIA Carmel (ARMv8.2),TFLite v2.5.0 (ruy),Edge,v1.1,1,open,Open,True,,ResNet,edge,0.068925255,0.068925255
1.1-395,Krai,Available Cloud,NVIDIA Jetson AGX Xavier,, ,Inference,ResNet,Single Stream,System energy (J) per stream*,Open - Power,ResNet,,NVIDIA Carmel (ARMv8.2),TFLite v2.5.0 (ruy),Edge,v1.1,1,open,Open,True,,ResNet,edge,0.251848609,0.251848609
1.1-401,Krai,Available Cloud,NVIDIA Jetson AGX Xavier,, ,Inference,ResNet,Offline,System Watts,Open - Power,ResNet,,NVIDIA Carmel (ARMv8.2),TFLite v2.5.0 (ruy),Edge,v1.1,1,open,Open,True,,ResNet,edge,25.19191667,25.19191667
1.1-380,Krai,Available Cloud,NVIDIA Jetson AGX Xavier,, ,Inference,ResNet,Offline,System Watts,Open - Power,ResNet,,NVIDIA Carmel (ARMv8.2),TFLite v2.5.0 (ruy),Edge,v1.1,1,open,Open,True,,ResNet,edge,19.78485667,19.78485667
1.1-333,Krai,Available Cloud,NVIDIA Jetson AGX Xavier,, ,Inference,ResNet,Single Stream,System energy (J) per stream*,Open - Power,ResNet,,NVIDIA Carmel (ARMv8.2),TFLite v2.5.0 (ruy),Edge,v1.1,1,open,Open,True,,ResNet,edge,1.071102963,1.071102963
1.1-347,Krai,Available Cloud,NVIDIA Jetson AGX Xavier,, ,Inference,ResNet,Offline,System Watts,Open - Power,ResNet,,NVIDIA Carmel (ARMv8.2),TFLite v2.5.0 (ruy),Edge,v1.1,1,open,Open,True,,ResNet,edge,24.05785167,24.05785167
1.1-375,Krai,Available Cloud,NVIDIA Jetson AGX Xavier,, ,Inference,ResNet,Single Stream,latency (ms),Open - Power,ResNet,,NVIDIA Carmel (ARMv8.2),TFLite v2.5.0 (ruy),Edge,v1.1,1,open,Open,True,,ResNet,edge,6.842036,6.842036
1.1-354,Krai,Available Cloud,NVIDIA Jetson AGX Xavier,, ,Inference,ResNet,Single Stream,latency (ms),Open - Power,ResNet,,NVIDIA Carmel (ARMv8.2),TFLite v2.5.0 (ruy),Edge,v1.1,1,open,Open,True,,ResNet,edge,6.21431,6.21431
1.1-361,Krai,Available Cloud,NVIDIA Jetson AGX Xavier,, ,Inference,ResNet,Single Stream,latency (ms),Open - Power,ResNet,,NVIDIA Carmel (ARMv8.2),TFLite v2.5.0 (ruy),Edge,v1.1,1,open,Open,True,,ResNet,edge,6.85382,6.85382
1.1-409,Krai,Available Cloud,NVIDIA Jetson AGX Xavier,, ,Inference,ResNet,Offline,System Watts,Open - Power,ResNet,,NVIDIA Carmel (ARMv8.2),TFLite v2.5.0 (ruy),Edge,v1.1,1,open,Open,True,,ResNet,edge,26.15173333,26.15173333
1.1-332,Krai,Available Cloud,NVIDIA Jetson AGX Xavier,, ,Inference,ResNet,Offline,System Watts,Open - Power,ResNet,,NVIDIA Carmel (ARMv8.2),TFLite v2.5.0 (ruy),Edge,v1.1,1,open,Open,True,,ResNet,edge,21.019525,21.019525
1.1-343,Krai,Available Cloud,NVIDIA Jetson AGX Xavier,, ,Inference,ResNet,Offline,samples/s,Open - Power,ResNet,,NVIDIA Carmel (ARMv8.2),TFLite v2.5.0 (ruy),Edge,v1.1,1,open,Open,True,,ResNet,edge,291.092,291.092
1.1-411,Krai,Available Cloud,NVIDIA Jetson AGX Xavier,, ,Inference,ResNet,Offline,System Watts,Open - Power,ResNet,,NVIDIA Carmel (ARMv8.2),TFLite v2.5.0 (ruy),Edge,v1.1,1,open,Open,True,,ResNet,edge,20.62028167,20.62028167
1.1-418,Krai,Available Cloud,NVIDIA Jetson AGX Xavier,, ,Inference,ResNet,Offline,samples/s,Open - Power,ResNet,,NVIDIA Carmel (ARMv8.2),TFLite v2.5.0 (ruy),Edge,v1.1,1,open,Open,True,,ResNet,edge,206.736,206.736
1.1-397,Krai,Available Cloud,NVIDIA Jetson AGX Xavier,, ,Inference,ResNet,Offline,System Watts,Open - Power,ResNet,,NVIDIA Carmel (ARMv8.2),TFLite v2.5.0 (ruy),Edge,v1.1,1,open,Open,True,,ResNet,edge,22.81966833,22.81966833
1.1-410,Krai,Available Cloud,NVIDIA Jetson AGX Xavier,, ,Inference,ResNet,Offline,samples/s,Open - Power,ResNet,,NVIDIA Carmel (ARMv8.2),TFLite v2.5.0 (ruy),Edge,v1.1,1,open,Open,True,,ResNet,edge,60.3395,60.3395
1.1-420,Krai,Available Cloud,NVIDIA Jetson AGX Xavier,, ,Inference,ResNet,Offline,System Watts,Open - Power,ResNet,,NVIDIA Carmel (ARMv8.2),TFLite v2.5.0 (ruy),Edge,v1.1,1,open,Open,True,,ResNet,edge,20.94052667,20.94052667
1.1-347,Krai,Available Cloud,NVIDIA Jetson AGX Xavier,, ,Inference,ResNet,Offline,samples/s,Open - Power,ResNet,,NVIDIA Carmel (ARMv8.2),TFLite v2.5.0 (ruy),Edge,v1.1,1,open,Open,True,,ResNet,edge,270.186,270.186
1.1-345,Krai,Available Cloud,NVIDIA Jetson AGX Xavier,, ,Inference,ResNet,Offline,samples/s,Open - Power,ResNet,,NVIDIA Carmel (ARMv8.2),TFLite v2.5.0 (ruy),Edge,v1.1,1,open,Open,True,,ResNet,edge,388.137,388.137
1.1-343,Krai,Available Cloud,NVIDIA Jetson AGX Xavier,, ,Inference,ResNet,Offline,System Watts,Open - Power,ResNet,,NVIDIA Carmel (ARMv8.2),TFLite v2.5.0 (ruy),Edge,v1.1,1,open,Open,True,,ResNet,edge,23.4695,23.4695
1.1-386,Krai,Available Cloud,NVIDIA Jetson AGX Xavier,, ,Inference,ResNet,Offline,System Watts,Open - Power,ResNet,,NVIDIA Carmel (ARMv8.2),TFLite v2.5.0 (ruy),Edge,v1.1,1,open,Open,True,,ResNet,edge,20.4034,20.4034
1.1-345,Krai,Available Cloud,NVIDIA Jetson AGX Xavier,, ,Inference,ResNet,Single Stream,latency (ms),Open - Power,ResNet,,NVIDIA Carmel (ARMv8.2),TFLite v2.5.0 (ruy),Edge,v1.1,1,open,Open,True,,ResNet,edge,3.544742,3.544742
1.1-351,Krai,Available Cloud,NVIDIA Jetson AGX Xavier,, ,Inference,ResNet,Single Stream,System energy (J) per stream*,Open - Power,ResNet,,NVIDIA Carmel (ARMv8.2),TFLite v2.5.0 (ruy),Edge,v1.1,1,open,Open,True,,ResNet,edge,0.156993024,0.156993024
1.1-404,Krai,Available Cloud,NVIDIA Jetson AGX Xavier,, ,Inference,ResNet,Single Stream,latency (ms),Open - Power,ResNet,,NVIDIA Carmel (ARMv8.2),TFLite v2.5.0 (ruy),Edge,v1.1,1,open,Open,True,,ResNet,edge,17.635924,17.635924
1.1-327,Krai,Available Cloud,NVIDIA Jetson AGX Xavier,, ,Inference,ResNet,Single Stream,System energy (J) per stream*,Open - Power,ResNet,,NVIDIA Carmel (ARMv8.2),TFLite v2.5.0 (ruy),Edge,v1.1,1,open,Open,True,,ResNet,edge,0.385655634,0.385655634
1.1-376,Krai,Available Cloud,NVIDIA Jetson AGX Xavier,, ,Inference,ResNet,Offline,System Watts,Open - Power,ResNet,,NVIDIA Carmel (ARMv8.2),TFLite v2.5.0 (ruy),Edge,v1.1,1,open,Open,True,,ResNet,edge,19.844985,19.844985
1.1-334,Krai,Available Cloud,NVIDIA Jetson AGX Xavier,, ,Inference,ResNet,Offline,samples/s,Open - Power,ResNet,,NVIDIA Carmel (ARMv8.2),TFLite v2.5.0 (ruy),Edge,v1.1,1,open,Open,True,,ResNet,edge,20.0467,20.0467
1.1-346,Krai,Available Cloud,NVIDIA Jetson AGX Xavier,, ,Inference,ResNet,Single Stream,latency (ms),Open - Power,ResNet,,NVIDIA Carmel (ARMv8.2),TFLite v2.5.0 (ruy),Edge,v1.1,1,open,Open,True,,ResNet,edge,3.947089,3.947089
1.1-381,Krai,Available Cloud,NVIDIA Jetson AGX Xavier,, ,Inference,ResNet,Offline,System Watts,Open - Power,ResNet,,NVIDIA Carmel (ARMv8.2),TFLite v2.5.0 (ruy),Edge,v1.1,1,open,Open,True,,ResNet,edge,23.48276667,23.48276667
1.1-370,Krai,Available Cloud,NVIDIA Jetson AGX Xavier,, ,Inference,ResNet,Single Stream,System energy (J) per stream*,Open - Power,ResNet,,NVIDIA Carmel (ARMv8.2),TFLite v2.5.0 (ruy),Edge,v1.1,1,open,Open,True,,ResNet,edge,0.061224960,0.061224960
1.1-345,Krai,Available Cloud,NVIDIA Jetson AGX Xavier,, ,Inference,ResNet,Single Stream,System energy (J) per stream*,Open - Power,ResNet,,NVIDIA Carmel (ARMv8.2),TFLite v2.5.0 (ruy),Edge,v1.1,1,open,Open,True,,ResNet,edge,0.061142549,0.061142549
1.1-364,Krai,Available Cloud,NVIDIA Jetson AGX Xavier,, ,Inference,ResNet,Single Stream,System energy (J) per stream*,Open - Power,ResNet,,NVIDIA Carmel (ARMv8.2),TFLite v2.5.0 (ruy),Edge,v1.1,1,open,Open,True,,ResNet,edge,0.211795537,0.211795537
1.1-328,Krai,Available Cloud,NVIDIA Jetson AGX Xavier,, ,Inference,ResNet,Offline,samples/s,Open - Power,ResNet,,NVIDIA Carmel (ARMv8.2),TFLite v2.5.0 (ruy),Edge,v1.1,1,open,Open,True,,ResNet,edge,58.0438,58.0438
1.1-401,Krai,Available Cloud,NVIDIA Jetson AGX Xavier,, ,Inference,ResNet,Offline,samples/s,Open - Power,ResNet,,NVIDIA Carmel (ARMv8.2),TFLite v2.5.0 (ruy),Edge,v1.1,1,open,Open,True,,ResNet,edge,136.77,136.77
1.1-344,Krai,Available Cloud,NVIDIA Jetson AGX Xavier,, ,Inference,ResNet,Single Stream,latency (ms),Open - Power,ResNet,,NVIDIA Carmel (ARMv8.2),TFLite v2.5.0 (ruy),Edge,v1.1,1,open,Open,True,,ResNet,edge,4.357998,4.357998
1.1-333,Krai,Available Cloud,NVIDIA Jetson AGX Xavier,, ,Inference,ResNet,Offline,System Watts,Open - Power,ResNet,,NVIDIA Carmel (ARMv8.2),TFLite v2.5.0 (ruy),Edge,v1.1,1,open,Open,True,,ResNet,edge,27.22486667,27.22486667
1.1-400,Krai,Available Cloud,NVIDIA Jetson AGX Xavier,, ,Inference,ResNet,Single Stream,System energy (J) per stream*,Open - Power,ResNet,,NVIDIA Carmel (ARMv8.2),TFLite v2.5.0 (ruy),Edge,v1.1,1,open,Open,True,,ResNet,edge,0.146124526,0.146124526
1.1-331,Krai,Available Cloud,NVIDIA Jetson AGX Xavier,, ,Inference,ResNet,Offline,System Watts,Open - Power,ResNet,,NVIDIA Carmel (ARMv8.2),TFLite v2.5.0 (ruy),Edge,v1.1,1,open,Open,True,,ResNet,edge,26.79041597,26.79041597
1.1-391,Krai,Available Cloud,NVIDIA Jetson AGX Xavier,, ,Inference,ResNet,Single Stream,System energy (J) per stream*,Open - Power,ResNet,,NVIDIA Carmel (ARMv8.2),TFLite v2.5.0 (ruy),Edge,v1.1,1,open,Open,True,,ResNet,edge,0.151594915,0.151594915
1.1-415,Krai,Available Cloud,NVIDIA Jetson AGX Xavier,, ,Inference,ResNet,Single Stream,latency (ms),Open - Power,ResNet,,NVIDIA Carmel (ARMv8.2),TFLite v2.5.0 (ruy),Edge,v1.1,1,open,Open,True,,ResNet,edge,15.940268,15.940268
1.1-348,Krai,Available Cloud,NVIDIA Jetson AGX Xavier,, ,Inference,ResNet,Single Stream,latency (ms),Open - Power,ResNet,,NVIDIA Carmel (ARMv8.2),TFLite v2.5.0 (ruy),Edge,v1.1,1,open,Open,True,,ResNet,edge,5.402612,5.402612
1.1-340,Krai,Available Cloud,NVIDIA Jetson AGX Xavier,, ,Inference,ResNet,Single Stream,System energy (J) per stream*,Open - Power,ResNet,,NVIDIA Carmel (ARMv8.2),TFLite v2.5.0 (ruy),Edge,v1.1,1,open,Open,True,,ResNet,edge,0.046762491,0.046762491
1.1-351,Krai,Available Cloud,NVIDIA Jetson AGX Xavier,, ,Inference,ResNet,Offline,samples/s,Open - Power,ResNet,,NVIDIA Carmel (ARMv8.2),TFLite v2.5.0 (ruy),Edge,v1.1,1,open,Open,True,,ResNet,edge,159.255,159.255
1.1-353,Krai,Available Cloud,NVIDIA Jetson AGX Xavier,, ,Inference,ResNet,Offline,System Watts,Open - Power,ResNet,,NVIDIA Carmel (ARMv8.2),TFLite v2.5.0 (ruy),Edge,v1.1,1,open,Open,True,,ResNet,edge,25.51868333,25.51868333
1.1-332,Krai,Available Cloud,NVIDIA Jetson AGX Xavier,, ,Inference,ResNet,Single Stream,latency (ms),Open - Power,ResNet,,NVIDIA Carmel (ARMv8.2),TFLite v2.5.0 (ruy),Edge,v1.1,1,open,Open,True,,ResNet,edge,41.117917,41.117917
1.1-341,Krai,Available Cloud,NVIDIA Jetson AGX Xavier,, ,Inference,ResNet,Offline,System Watts,Open - Power,ResNet,,NVIDIA Carmel (ARMv8.2),TFLite v2.5.0 (ruy),Edge,v1.1,1,open,Open,True,,ResNet,edge,22.56965833,22.56965833
1.1-408,Krai,Available Cloud,NVIDIA Jetson AGX Xavier,, ,Inference,ResNet,Single Stream,System energy (J) per stream*,Open - Power,ResNet,,NVIDIA Carmel (ARMv8.2),TFLite v2.5.0 (ruy),Edge,v1.1,1,open,Open,True,,ResNet,edge,0.101850972,0.101850972
1.1-402,Krai,Available Cloud,NVIDIA Jetson AGX Xavier,, ,Inference,ResNet,Offline,samples/s,Open - Power,ResNet,,NVIDIA Carmel (ARMv8.2),TFLite v2.5.0 (ruy),Edge,v1.1,1,open,Open,True,,ResNet,edge,106.46,106.46
1.1-375,Krai,Available Cloud,NVIDIA Jetson AGX Xavier,, ,Inference,ResNet,Offline,samples/s,Open - Power,ResNet,,NVIDIA Carmel (ARMv8.2),TFLite v2.5.0 (ruy),Edge,v1.1,1,open,Open,True,,ResNet,edge,187.793,187.793
1.1-394,Krai,Available Cloud,NVIDIA Jetson AGX Xavier,, ,Inference,ResNet,Single Stream,System energy (J) per stream*,Open - Power,ResNet,,NVIDIA Carmel (ARMv8.2),TFLite v2.5.0 (ruy),Edge,v1.1,1,open,Open,True,,ResNet,edge,0.199849033,0.199849033
1.1-334,Krai,Available Cloud,NVIDIA Jetson AGX Xavier,, ,Inference,ResNet,Offline,System Watts,Open - Power,ResNet,,NVIDIA Carmel (ARMv8.2),TFLite v2.5.0 (ruy),Edge,v1.1,1,open,Open,True,,ResNet,edge,20.96996506,20.96996506
1.1-372,Krai,Available Cloud,NVIDIA Jetson AGX Xavier,, ,Inference,ResNet,Single Stream,latency (ms),Open - Power,ResNet,,NVIDIA Carmel (ARMv8.2),TFLite v2.5.0 (ruy),Edge,v1.1,1,open,Open,True,,ResNet,edge,5.116846,5.116846
1.1-370,Krai,Available Cloud,NVIDIA Jetson AGX Xavier,, ,Inference,ResNet,Offline,samples/s,Open - Power,ResNet,,NVIDIA Carmel (ARMv8.2),TFLite v2.5.0 (ruy),Edge,v1.1,1,open,Open,True,,ResNet,edge,323.093,323.093
1.1-414,Krai,Available Cloud,NVIDIA Jetson AGX Xavier,, ,Inference,ResNet,Offline,samples/s,Open - Power,ResNet,,NVIDIA Carmel (ARMv8.2),TFLite v2.5.0 (ruy),Edge,v1.1,1,open,Open,True,,ResNet,edge,110.618,110.618
1.1-380,Krai,Available Cloud,NVIDIA Jetson AGX Xavier,, ,Inference,ResNet,Offline,samples/s,Open - Power,ResNet,,NVIDIA Carmel (ARMv8.2),TFLite v2.5.0 (ruy),Edge,v1.1,1,open,Open,True,,ResNet,edge,266.167,266.167
1.1-327,Krai,Available Cloud,NVIDIA Jetson AGX Xavier,, ,Inference,ResNet,Single Stream,latency (ms),Open - Power,ResNet,,NVIDIA Carmel (ARMv8.2),TFLite v2.5.0 (ruy),Edge,v1.1,1,open,Open,True,,ResNet,edge,19.281168,19.281168
1.1-357,Krai,Available Cloud,NVIDIA Jetson AGX Xavier,, ,Inference,ResNet,Offline,samples/s,Open - Power,ResNet,,NVIDIA Carmel (ARMv8.2),TFLite v2.5.0 (ruy),Edge,v1.1,1,open,Open,True,,ResNet,edge,125.941,125.941
1.1-353,Krai,Available Cloud,NVIDIA Jetson AGX Xavier,, ,Inference,ResNet,Offline,samples/s,Open - Power,ResNet,,NVIDIA Carmel (ARMv8.2),TFLite v2.5.0 (ruy),Edge,v1.1,1,open,Open,True,,ResNet,edge,236.078,236.078
1.1-405,Krai,Available Cloud,NVIDIA Jetson AGX Xavier,, ,Inference,ResNet,Single Stream,latency (ms),Open - Power,ResNet,,NVIDIA Carmel (ARMv8.2),TFLite v2.5.0 (ruy),Edge,v1.1,1,open,Open,True,,ResNet,edge,16.676588,16.676588
1.1-402,Krai,Available Cloud,NVIDIA Jetson AGX Xavier,, ,Inference,ResNet,Offline,System Watts,Open - Power,ResNet,,NVIDIA Carmel (ARMv8.2),TFLite v2.5.0 (ruy),Edge,v1.1,1,open,Open,True,,ResNet,edge,20.44295333,20.44295333
1.1-371,Krai,Available Cloud,NVIDIA Jetson AGX Xavier,, ,Inference,ResNet,Single Stream,System energy (J) per stream*,Open - Power,ResNet,,NVIDIA Carmel (ARMv8.2),TFLite v2.5.0 (ruy),Edge,v1.1,1,open,Open,True,,ResNet,edge,0.076962440,0.076962440
1.1-338,Krai,Available Cloud,NVIDIA Jetson AGX Xavier,, ,Inference,ResNet,Single Stream,latency (ms),Open - Power,ResNet,,NVIDIA Carmel (ARMv8.2),TFLite v2.5.0 (ruy),Edge,v1.1,1,open,Open,True,,ResNet,edge,2.394116,2.394116
1.1-384,Krai,Available Cloud,NVIDIA Jetson AGX Xavier,, ,Inference,ResNet,Offline,samples/s,Open - Power,ResNet,,NVIDIA Carmel (ARMv8.2),TFLite v2.5.0 (ruy),Edge,v1.1,1,open,Open,True,,ResNet,edge,158.207,158.207
1.1-390,Krai,Available Cloud,NVIDIA Jetson AGX Xavier,, ,Inference,ResNet,Offline,samples/s,Open - Power,ResNet,,NVIDIA Carmel (ARMv8.2),TFLite v2.5.0 (ruy),Edge,v1.1,1,open,Open,True,,ResNet,edge,171.185,171.185
1.1-413,Krai,Available Cloud,NVIDIA Jetson AGX Xavier,, ,Inference,ResNet,Offline,samples/s,Open - Power,ResNet,,NVIDIA Carmel (ARMv8.2),TFLite v2.5.0 (ruy),Edge,v1.1,1,open,Open,True,,ResNet,edge,89.5484,89.5484
1.1-376,Krai,Available Cloud,NVIDIA Jetson AGX Xavier,, ,Inference,ResNet,Single Stream,latency (ms),Open - Power,ResNet,,NVIDIA Carmel (ARMv8.2),TFLite v2.5.0 (ruy),Edge,v1.1,1,open,Open,True,,ResNet,edge,7.851284,7.851284
1.1-392,Krai,Available Cloud,NVIDIA Jetson AGX Xavier,, ,Inference,ResNet,Single Stream,System energy (J) per stream*,Open - Power,ResNet,,NVIDIA Carmel (ARMv8.2),TFLite v2.5.0 (ruy),Edge,v1.1,1,open,Open,True,,ResNet,edge,0.154422113,0.154422113
1.1-408,Krai,Available Cloud,NVIDIA Jetson AGX Xavier,, ,Inference,ResNet,Offline,System Watts,Open - Power,ResNet,,NVIDIA Carmel (ARMv8.2),TFLite v2.5.0 (ruy),Edge,v1.1,1,open,Open,True,,ResNet,edge,19.78017167,19.78017167
1.1-397,Krai,Available Cloud,NVIDIA Jetson AGX Xavier,, ,Inference,ResNet,Single Stream,latency (ms),Open - Power,ResNet,,NVIDIA Carmel (ARMv8.2),TFLite v2.5.0 (ruy),Edge,v1.1,1,open,Open,True,,ResNet,edge,5.096845,5.096845
1.1-417,Krai,Available Cloud,NVIDIA Jetson AGX Xavier,, ,Inference,ResNet,Single Stream,System energy (J) per stream*,Open - Power,ResNet,,NVIDIA Carmel (ARMv8.2),TFLite v2.5.0 (ruy),Edge,v1.1,1,open,Open,True,,ResNet,edge,0.101405273,0.101405273
1.1-386,Krai,Available Cloud,NVIDIA Jetson AGX Xavier,, ,Inference,ResNet,Single Stream,System energy (J) per stream*,Open - Power,ResNet,,NVIDIA Carmel (ARMv8.2),TFLite v2.5.0 (ruy),Edge,v1.1,1,open,Open,True,,ResNet,edge,0.157828213,0.157828213
1.1-339,Krai,Available Cloud,NVIDIA Jetson AGX Xavier,, ,Inference,ResNet,Offline,samples/s,Open - Power,ResNet,,NVIDIA Carmel (ARMv8.2),TFLite v2.5.0 (ruy),Edge,v1.1,1,open,Open,True,,ResNet,edge,482.418,482.418
